IQ-TREE multicore version 2.3.6 for MacOS ARM 64-bit built Jul 30 2024
Developed by Bui Quang Minh, Nguyen Lam Tung, Olga Chernomor, Heiko Schmidt,
Dominik Schrempf, Michael Woodhams, Ly Trong Nhan, Thomas Wong

Host:    Sasidharans-MacBook-Pro.local (SSE4.2, 24 GB RAM)
Command: iqtree2 -s seqs.fasta -mset 3DI,Blosum62,Dayhoff,DCMut,JTT,JTTDCMut,LG,Poisson,Poisson+FQ,Poisson,PMB,WAG,EX2,EX3,EHO,EX_EHO -mfreq FU,F -mrate E,G,R -nt 4 --ufboot 1000 -alrt 1000 -bnni
Seed:    182990 (Using SPRNG - Scalable Parallel Random Number Generator)
Time:    Sat Nov 15 10:40:25 2025
Kernel:  SSE2 - 4 threads (12 CPU cores detected)

Reading alignment file seqs.fasta ... Fasta format detected
Reading fasta file: done in 0.000838995 secs using 84.27% CPU
Alignment most likely contains protein sequences
Alignment has 268 sequences with 350 columns, 341 distinct patterns
313 parsimony-informative, 14 singleton sites, 23 constant sites
                                                              Gap/Ambiguity  Composition  p-value
Analyzing sequences: done in 2.69413e-05 secs using 311.8% CPU
   1  AAC68314.1_Chlamydia_FliF                                      50.29%    passed     18.47%
   2  ACL65896.1_Anaeromyxobacter_FliF                                4.00%    passed     67.32%
   3  AGH96362.1_Pseudobdellovibrio_FliF                              0.86%    passed     98.72%
   4  AHZ83763.1_Bdellovibrio_FliF                                    1.14%    passed     99.55%
   5  AGC50281.1_Lawsonia_FliF                                        2.29%    passed     99.90%
   6  AAS94796.1_Desulfovibrio_FliF                                   2.29%    passed     99.90%
   7  WP_011366492.1_Oleidesulfovibrio_FliF                           2.29%    passed     99.74%
   8  BAH77996.1_Solidesulfovibrio_FliF                               0.29%    passed     83.34%
   9  ABS63798.1_Parvibaculum_FliF                                    0.86%    passed     99.55%
  10  AEP09101.1_Micavibrio_FliF                                      0.57%    passed     45.31%
  11  AEO47029.1_Rhodospirillum_FliF                                  1.14%    passed     99.99%
  12  CDL00846.1_Magnetospirillum_FliF                                0.86%    passed     99.99%
  13  AHK70359.1_Gluconobacter_FliF                                  12.57%    passed     67.28%
  14  ACL94415.1_Caulobacter_FliF                                     1.14%    passed     96.79%
  15  ADL02120.1_Brevundimonas_FliF                                   1.43%    passed     99.98%
  16  ATX78584.1_Mariprofundus_FliF                                   1.14%    passed     97.85%
  17  ATX82919.1_Mariprofundus_FliF                                   1.43%    passed     95.21%
  18  ABC45369.1_Salinibacter_FliF                                    9.14%    passed     99.92%
  19  ABI78744.1_Hyphomonas_FliF                                      4.86%    passed     90.70%
  20  AIQ89829.1_Methylobacterium_FliF                                7.43%    passed     36.67%
  21  BAL07813.1_Bradyrhizobium_FliF                                  2.86%    passed     81.68%
  22  ABQ62358.1_Brucella_FliF                                        2.86%    passed     87.37%
  23  ABK42796.1_Magnetococcus_FliF                                   1.71%    passed     99.72%
  24  CAG37385.1_Desulfotalea_FliF                                    2.29%    passed     99.92%
  25  ACV67866.1_Desulfohalobium_FliF                                 6.86%    passed     93.41%
  26  ABA88441.1_Syntrophotalea_FliF                                  2.57%    passed     99.98%
  27  ALA58335.1_Nitrospira_FliF                                      0.86%    passed     99.94%
  28  BCB96474.1_Dissulfurispira_FliF                                 2.57%    passed     99.94%
  29  ACI21849.1_Thermodesulfovibrio_FliF                             2.57%    passed     95.05%
  30  ABC76851.1_Syntrophus_FliF                                      6.86%    passed     99.83%
  31  ACN16787.1_Desulforapulum_FliF                                  2.00%    passed     99.18%
  32  BAM05992.1_Leptospirillum_FliF                                  1.14%    passed     99.51%
  33  AFL88119.1_Terriglobus_FliF                                     2.00%    passed     99.78%
  34  AEI88715.1_Candidatus_FliF                                      2.00%    passed     99.76%
  35  SHK75940.1_Desulfatibacillum_FliF                               2.29%    passed     92.64%
  36  RJP61224.1_Candidatus_FliF                                      3.43%    passed     99.14%
  37  ACT13606.1_Pectobacterium_FliF                                  1.43%    passed     99.59%
  38  CFQ36607.1_Yersinia_FliF                                        1.43%    passed     99.97%
  39  AJJ56339.1_Yersinia_FliF                                        1.43%    passed     99.75%
  40  KLP57552.1_Enterobacter_FliF                                    1.71%    passed     97.95%
  41  KLR25735.1_Enterobacter_FliF                                    1.71%    passed     99.76%
  42  AAO68586.1_Salmonella_FliF                                      1.71%    passed     99.87%
  43  POT59441.1_Citrobacter_FliF                                     1.71%    passed     99.99%
  44  AAL20881.1_Salmonella_FliF                                      1.71%    passed     99.97%
  45  QKY95803.1_Shigella_FliF                                        2.57%    passed     99.94%
  46  RPH21571.1_Buttiauxella_FliF                                    2.00%    passed     99.96%
  47  CCJ72125.1_Cronobacter_FliF                                     1.43%    passed     99.65%
  48  KGT96016.1_Erwinia_FliF                                         1.43%    passed     99.95%
  49  CBJ46171.1_Erwinia_FliF                                         1.43%    passed     99.71%
  50  AGG30848.1_Morganella_FliF                                      0.57%    passed     99.96%
  51  RPH26529.1_Buttiauxella_FliF                                    1.43%    passed     99.71%
  52  CBJ47254.1_Erwinia_FliF                                         1.43%    passed    100.00%
  53  POT54770.1_Citrobacter_FliF                                     1.43%    passed     83.91%
  54  CFQ36177.1_Yersinia_FliF                                        1.43%    passed     96.49%
  55  ORN02599.1_Pantoea_FliF                                         0.57%    passed     70.76%
  56  KGT93339.1_Erwinia_FliF                                         0.57%    passed     70.76%
  57  TCV95562.1_Biostraticola_FliF                                   2.86%    passed     98.87%
  58  AHF75271.1_Sodalis_FliF                                         1.43%    passed     89.42%
  59  ARU98306.1_Tatumella_FliF                                       1.43%    passed     99.99%
  60  CAJ49324.1_Bordetella_FliF                                      1.43%    passed     98.92%
  61  WP_015871707.1_Edwardsiella_FliF                                1.43%    passed     99.64%
  62  QXB11719.1_Klebsiella_FliF                                      1.71%    passed     99.64%
  63  KFD13219.1_Serratia_FliF                                        1.14%    passed     99.79%
  64  AOM39532.1_Xenorhabdus_FliF                                     0.86%    passed     92.66%
  65  AFA40924.1_Wigglesworthia_FliF                                  1.71%    passed     99.39%
  66  EHM41863.1_Hafnia_FliF                                          1.43%    passed     99.70%
  67  CAQ72721.1_Cupriavidus_FliF                                     0.57%    passed     97.60%
  68  AHF75751.1_Sodalis_FliF                                         1.14%    passed     99.95%
  69  AAZ97553.1_Thiobacillus_FliF                                    0.29%    passed    100.00%
  70  ABE50245.1_Methylobacillus_FliF                                 0.29%    passed     83.14%
  71  ACT47836.1_Methylotenera_FliF                                   0.29%    passed     97.53%
  72  CAH34218.1_Burkholderia_FliF                                    0.29%    passed     99.89%
  73  ABC37528.1_Burkholderia_FliF                                    0.29%    passed     99.94%
  74  AAU48881.1_Burkholderia_FliF                                    0.29%    passed     99.91%
  75  ADE10838.1_Sideroxydans_FliF                                    0.86%    passed    100.00%
  76  ATU66744.1_Rhizobacter_FliF                                     0.29%    passed     98.61%
  77  UBQ04382.1_Tepidimonas_FliF                                     0.57%    passed     99.74%
  78  APW41625.1_Rhodoferax_FliF                                      0.57%    passed     99.98%
  79  EGI75820.1_Hylemonella_FliF                                     0.57%    passed     99.89%
  80  BAB12793.1_Buchnera_FliF                                        2.86%    passed     99.54%
  81  AAM67637.1_Buchnera_FliF                                        1.71%    passed     99.45%
  82  AAQ60803.1_Chromobacterium_FliF                                 0.57%    passed    100.00%
  83  AAW86347.1_Aliivibrio_FliF                                      0.86%    passed     98.01%
  84  EAS77894.1_Vibrio_FliF                                          0.86%    passed     99.98%
  85  GAA03515.1_Photobacterium_FliF                                  0.86%    passed     99.97%
  86  CAG19334.1_Photobacterium_FliF                                  0.86%    passed     99.94%
  87  QEO40727.1_Vibrio_FliF                                          0.86%    passed     99.60%
  88  AAF95278.1_Vibrio_FliF                                          0.86%    passed     99.60%
  89  EEW06433.1_Vibrio_FliF                                          0.86%    passed     96.94%
  90  BAC95245.1_Vibrio_FliF                                          0.86%    passed     98.89%
  91  EPE37900.1_Candidatus_FliF                                      0.86%    passed     97.66%
  92  AVQ87012.1_Plesiomonas_FliF                                     0.86%    passed     99.75%
  93  WP_084977171.1_Plesiomonas_FliF                                 0.86%    passed     99.75%
  94  AAZ28086.1_Colwellia_FliF                                       1.14%    passed     98.32%
  95  EAR29538.1_Pseudoalteromonas_FliF                               1.14%    passed     99.71%
  96  GAC24878.1_Paraglaciecola_FliF                                  1.14%    passed     96.48%
  97  AEP30462.1_Glaciecola_FliF                                      1.14%    passed     99.95%
  98  UXK10552.1_Shewanella_FliF                                      1.71%    passed     98.76%
  99  ABV37670.1_Shewanella_FliF                                      1.43%    passed     91.92%
 100  AAN56227.2_Shewanella_FliF                                      1.14%    passed     99.40%
 101  BAJ01403.1_Shewanella_FliF                                      1.43%    passed     97.81%
 102  EHR42289.1_Alishewanella_FliF                                   1.14%    passed     99.70%
 103  ABK38602.1_Aeromonas_FliF                                       1.43%    passed     96.49%
 104  ATP10457.1_Aeromonas_FliF                                       1.43%    passed     97.76%
 105  EKB19994.1_Aeromonas_FliF                                       1.43%    passed     72.68%
 106  QCG47664.1_Aeromonas_FliF                                       1.43%    passed     99.00%
 107  ABD81448.1_Saccharophagus_FliF                                  0.00%    passed     99.78%
 108  QEI19385.1_Cellvibrio_FliF                                      0.00%    passed     98.26%
 109  EGW20512.1_Methylobacter_FliF                                   0.00%    passed     96.81%
 110  QBZ83471.1_Hydrogenovibrio_FliF                                 0.86%    passed     99.87%
 111  AAY38489.1_Pseudomonas_FliF                                     0.00%    passed     99.68%
 112  AAG04490.1_Pseudomonas_FliF                                     0.00%    passed     99.97%
 113  ABY99820.1_Pseudomonas_FliF                                     0.00%    passed     97.94%
 114  EHJ04466.1_Marinobacter_FliF                                    0.00%    passed     99.97%
 115  CCG94784.1_Marinobacter_FliF                                    0.00%    passed     99.87%
 116  ADZ92454.1_Marinomonas_FliF                                     0.00%    passed     99.45%
 117  EAS78287.1_Vibrio_FliF                                          2.86%    passed     99.96%
 118  EEW07867.1_Vibrio_FliF                                          2.86%    passed     98.87%
 119  BAC62879.1_Vibrio_FliF                                          3.14%    passed     98.65%
 120  ABV34690.1_Shewanella_FliF                                      3.71%    passed     86.96%
 121  WP_084977082.1_Plesiomonas_FliF                                 4.00%    passed     99.99%
 122  CAG18477.1_Photobacterium_FliF                                  4.86%    passed     99.92%
 123  EHM37691.1_Hafnia_FliF                                          3.71%    passed     88.59%
 124  CFQ44276.1_Yersinia_FliF                                        5.43%    passed     99.35%
 125  RPH29466.1_Buttiauxella_FliF                                    2.86%    passed     99.68%
 126  AJJ55407.1_Yersinia_FliF                                        5.43%    passed     99.94%
 127  KLP54135.1_Enterobacter_FliF                                    2.57%    passed     98.54%
 128  CBG33087.1_Escherichia_FliF                                     3.71%    passed     99.67%
 129  POT58671.1_Citrobacter_FliF                                     3.43%    passed     84.75%
 130  ATU65965.1_Rhizobacter_FliF                                     3.71%    passed     98.09%
 131  AAQ60668.1_Chromobacterium_FliF                                 4.29%    passed     96.01%
 132  AGI74751.1_Octadecabacter_FliF                                  0.29%    passed     77.97%
 133  ADE39075.1_Candidatus_FliF                                      0.29%    passed     90.96%
 134  AOU49298.1_Legionella_FliF                                      0.00%    passed     98.64%
 135  ACV75177.1_Zymomonas_FliF                                       2.86%    passed     91.87%
 136  QNQ09320.1_Sphingomonas_FliF                                    2.86%    passed     94.79%
 137  ABA58817.1_Nitrosococcus_FliF                                   0.00%    passed     99.95%
 138  ACL73050.1_Thioalkalivibrio_FliF                                0.00%    passed     99.35%
 139  AAR33742.1_Geobacter_FliF                                       2.00%    passed     99.83%
 140  ACH40830.1_Citrifermentans_FliF                                 1.71%    passed     99.31%
 141  OSS41621.1_Desulfurella_FliF                                    1.43%    passed     99.36%
 142  ALF48087.1_Campylobacter_FliF                                   1.71%    passed     98.31%
 143  AOO64056.1_Sulfurospirillum_FliF                                1.43%    passed    100.00%
 144  ACM93021.1_Nautilia_FliF                                        2.00%    passed     98.17%
 145  CAE11001.1_Wolinella_FliF                                       1.43%    passed     99.97%
 146  ADN09694.1_Sulfurimonas_FliF                                    1.43%    passed     99.76%
 147  QAR34056.1_Geovibrio_FliF                                       2.29%    passed     99.92%
 148  ADD69076.1_Denitrovibrio_FliF                                   2.29%    passed     98.16%
 149  USF24605.1_Mucispirillum_FliF                                   2.29%    passed     97.75%
 150  QOY89262.1_Paludibaculum_FliF                                   2.29%    passed     99.99%
 151  QOY88876.1_Paludibaculum_FliF                                   2.00%    passed     95.16%
 152  ACO32668.1_Acidobacterium_FliF                                  3.14%    passed     81.79%
 153  BAH37373.1_Gemmatimonas_FliF                                    8.29%    passed     62.55%
 154  QJR36449.1_Gemmatimonas_FliF                                    8.29%    passed     99.26%
 155  ATU63999.1_Rhizobacter_FliF                                    11.14%    passed     99.59%
 156  ADG94151.1_Arcobacter_FliF                                      3.43%    passed     98.86%
 157  QDU26973.1_Anatilimnocola_FliF                                  4.57%    passed     96.51%
 158  QDU93976.1_Lignipirellula_FliF                                  3.43%    passed     96.97%
 159  CAD75367.1_Rhodopirellula_FliF                                  3.71%    passed     67.59%
 160  BAD41986.1_Symbiobacterium_FliF                                 4.29%    passed     74.67%
 161  SHJ59096.1_Anaerobranca_FliF                                    7.14%    passed     93.42%
 162  QNO16415.1_Alkalicella_FliF                                     7.14%    passed     99.16%
 163  AAS40694.1_Bacillus_FliF                                        5.14%    passed     99.46%
 164  AAC07196.1_Aquifex_FliF                                         6.00%    passed     83.34%
 165  ADC89287.1_Thermocrinis_FliF                                    5.71%    passed     98.11%
 166  BAS27497.1_Limnochorda_FliF                                     5.71%    passed     99.94%
 167  ACB73714.1_Opitutus_FliF                                        0.86%    passed     99.90%
 168  ATC63675.1_Nibricoccus_FliF                                     1.43%    passed     93.03%
 169  AAO36212.1_Clostridium_FliF                                     6.29%    passed     99.99%
 170  WP_010965461.1_Clostridium_FliF                                 6.00%    passed     99.14%
 171  ACL70438.1_Halothermothrix_FliF                                 5.71%    passed     99.90%
 172  EGO63145.1_Acetonema_FliF                                       5.14%    passed    100.00%
 173  ACZ19568.1_Thermanaerovibrio_FliF                               4.86%    passed     99.96%
 174  EEG76529.1_Dethiobacter_FliF                                    4.86%    passed     98.17%
 175  ACL22158.1_Desulfitobacterium_FliF                              4.86%    passed     99.90%
 176  CCW35059.1_Chthonomonas_FliF                                    2.86%    passed     88.60%
 177  ADL43221.1_Caldicellulosiruptor_FliF                            3.14%    passed     99.47%
 178  ABY94911.1_Thermoanaerobacter_FliF                              6.57%    passed     97.85%
 179  QAT61603.1_Tissierella_FliF                                     6.29%    passed     99.86%
 180  WP_014824491.1_Solibacillus_FliF                                2.57%    passed     90.23%
 181  WP_096550656.1_Ureibacillus_FliF                                3.14%    passed     59.78%
 182  WP_066170015.1_Metasolibacillus_FliF                            2.57%    passed     96.48%
 183  WP_053417471.1_Viridibacillus_FliF                              2.86%    passed     37.16%
 184  WP_041074053.1_Bacillus_FliF                                    3.71%    passed     98.49%
 185  WP_105928922.1_Lysinibacillus_FliF                              2.86%    passed     98.02%
 186  WP_036123974.1_Lysinibacillus_FliF                              2.86%    passed     83.55%
 187  WP_151699469.1_Psychrobacillus_FliF                             2.57%    passed     89.98%
 188  KGA98254.1_Alkalihalobacillus_FliF                              3.43%    passed     87.59%
 189  BAD64804.1_Alkalihalobacillus_FliF                              3.71%    passed     80.54%
 190  BAC13511.1_Oceanobacillus_FliF                                  2.29%    passed     95.76%
 191  AAU40736.1_Bacillus_FliF                                        2.86%    passed     70.33%
 192  BAB06177.1_Halalkalibacterium_FliF                              3.43%    passed     85.91%
 193  ADC48108.1_Alkalihalophilus_FliF                                3.43%    passed     97.99%
 194  OWZ84225.1_Natranaerobius_FliF                                  4.57%    passed     43.63%
 195  UMZ73356.1_Natranaerofaba_FliF                                  4.57%    passed     94.84%
 196  ACB84974.1_Natranaerobius_FliF                                  4.57%    passed     94.84%
 197  ACM22640.1_Thermotoga_FliF                                      3.71%    passed     98.70%
 198  ACK75069.1_Borreliella_FliF                                     1.43%    passed     85.23%
 199  AAS11733.1_Treponema_FliF                                       1.71%    passed     93.76%
 200  AAC65387.1_Treponema_FliF                                       2.00%    passed     99.65%
 201  AEM21723.1_Brachyspira_FliF                                     2.00%    passed     99.09%
 202  EKT86534.2_Leptospira_FliF                                      1.71%    passed     67.29%
 203  ABZ96871.1_Leptospira_FliF                                      1.71%    passed     60.87%
 204  AVM87899.1_Chlamydia_T3SS                                      71.71%    passed     70.23%
 205  QEO41070.1_Vibrio_T3SS                                         58.86%    failed      0.66%
 206  BAE49307.1_Magnetospirillum_T3SS                               54.00%    passed     14.92%
 207  AAZ97041.1_Thiobacillus_T3SS                                   54.57%    passed     39.16%
 208  ADY60058.1_Rubinisphaera_T3SS_YscJ                             55.71%    passed      5.26%
 209  ADB18987.1_Pirellula_T3SS                                      55.71%    passed     43.51%
 210  CCB86648.1_Parachlamydia_T3SS                                  54.00%    passed     28.34%
 211  EDR30632.1_Yersinia_T3SS                                       54.29%    passed     20.58%
 212  AJJ53162.1_Yersinia_T3SS_YscJ_HrcJ                             54.29%    passed     20.58%
 213  AAG05112.1_Pseudomonas_T3SS                                    54.29%    passed     71.22%
 214  CBJ47559.1_Erwinia_T3SS                                        54.29%    passed     28.84%
 215  KGT90338.1_Erwinia_T3SS                                        54.29%    passed     20.64%
 216  AAY36249.1_Pseudomonas_T3SS_YscJ_HrcJ                          54.29%    passed     47.97%
 217  ADZ90362.1_Marinomonas_T3SS_YscJ_HrcJ                          54.57%    passed     25.79%
 218  ACL64098.1_Anaeromyxobacter_T3SS_YscJ                          54.00%    passed     33.38%
 219  WP_015870333.1_Edwardsiella_T3SS_SctJ                          54.57%    passed     42.95%
 220  ABF88125.1_Myxococcus_T3SS_YscJ_HrcJ                           54.29%    failed      2.46%
 221  ADO70830.1_Stigmatella_T3SS_YscJ_HrcJ                          54.29%    passed     28.12%
 222  BAJ02212.1_Shewanella_T3SS                                     54.29%    passed     48.16%
 223  CFQ38428.1_Yersinia_T3SS                                       54.57%    passed     74.47%
 224  EDR34178.1_Yersinia_T3SS_YscJ_HrcJ                             54.57%    passed     92.65%
 225  AJJ56869.1_Yersinia_T3SS_YscJ_HrcJ                             54.57%    passed     81.34%
 226  BAC59953.1_Vibrio_T3SS                                         54.29%    passed     30.23%
 227  AAQ60258.1_Chromobacterium_T3SS                                54.57%    passed     60.64%
 228  AHF76786.1_Sodalis_T3SS                                        54.57%    passed     39.96%
 229  CAH39099.1_Burkholderia_T3SS                                   54.29%    passed     87.26%
 230  CAH38872.1_Burkholderia_T3SS                                   54.29%    passed     21.92%
 231  ATU65453.1_Rhizobacter_T3SS_YscJ_HrcJ                          54.29%    passed     81.76%
 232  CAH39023.1_Burkholderia_T3SS                                   54.29%    passed     91.66%
 233  ABC34345.1_Burkholderia_T3SS                                   54.29%    passed     84.03%
 234  CBJ47346.1_Erwinia_T3SS                                        54.29%    passed     90.59%
 235  CBJ46227.1_Erwinia_T3SS                                        54.29%    passed     95.09%
 236  AHF78198.1_Sodalis_T3SS                                        54.29%    passed     91.67%
 237  AHF75698.1_Sodalis_T3SS                                        54.29%    passed     52.21%
 238  CBG35883.1_Escherichia_T3SS                                    54.29%    passed     74.43%
 239  TCV96683.1_Biostraticola_T3SS                                  54.29%    passed     70.32%
 240  AGG29087.1_Morganella_T3SS_HrcJ                                54.29%    passed     51.63%
 241  POT59516.1_Citrobacter_T3SS_YscJ_HrcJ                          54.29%    passed     80.07%
 242  CAQ71857.1_Cupriavidus_T3SS_SctJ                               54.29%    passed     36.53%
 243  AGC49958.1_Lawsonia_T3SS                                       54.29%    failed      0.79%
 244  AAS94345.1_Desulfovibrio_T3SS                                  54.29%    failed      1.64%
 245  AGC50595.1_Lawsonia_T3SS_YscJ_HrcJ                             54.29%    passed      9.59%
 246  AAC68161.1_Chlamydia_T3SS_YscJ                                 55.14%    passed     67.90%
 247  AVM88570.1_Chlamydia_T3SS_YscJ_HrcJ                            55.43%    passed     64.84%
 248  CCB85093.1_Parachlamydia_T3SS                                  54.00%    passed     42.62%
 249  AFE09625.1_Corallococcus_T3SS                                  54.00%    passed     52.97%
 250  ABF88690.1_Myxococcus_T3SS                                     54.00%    passed     84.72%
 251  ADO74089.1_Stigmatella_T3SS                                    54.00%    passed     84.79%
 252  QTD51128.1_Sulfidibacter_T3SS_SctJ                             54.57%    passed     31.64%
 253  YEBC_TranscriptionalRegulator_125-194                          82.57%    passed      7.13%
 254  BAD65007.1_WP_061948745.1_Alkalihalobacillus_Sporulation       41.43%    passed     73.59%
 255  AAS43161.1_AAS43160.1_Bacillus_Sporulation                     42.00%    passed     80.15%
 256  AJH78041.1_AJH78695.1_Weizmannia_Sporulation                   40.86%    passed     58.02%
 257  BAD76687.1_BAD76686.1_Geobacillus_Sporulation                  41.14%    passed     42.71%
 258  BAC13844.1_BAC13843.1_Oceanobacillus_Sporulation               41.43%    passed     76.31%
 259  WP_008404262.1_WP_008404261.1_Solibacillus_Sporulation         48.86%    failed      0.07%
 260  AUO18621.1_AUO18620.1_Monoglobus_Sporulation                   44.57%    passed     30.70%
 261  WP_010965387.1_WP_010965386.1_Clostridium_Sporulation          41.71%    passed     66.79%
 262  BAD40841.1_BAD40840.1_Symbiobacterium_Sporulation              41.14%    passed     70.05%
 263  SHJ67115.1_SHJ67084.1_Anaerobranca_Sporulation                 41.43%    passed     62.13%
 264  QNO16150.1_QNO16151.1_Alkalicella_Sporulation                  40.57%    passed     14.51%
 265  WP_061948746.1_WP_061948745.1_Alkalihalobacillus_Sporulation   61.43%    passed     28.02%
 266  KGA97906.1_WP_061948745.1_Alkalihalobacillus_Sporulation       61.43%    passed     60.84%
 267  AAU41482.1_AAS43160.1_Bacillus_Sporulation                     61.43%    passed     50.58%
 268  AAO36130.1_WP_010965386.1_Clostridium_Sporulation              62.57%    passed     23.10%
WARNING: 55 sequences contain more than 50% gaps/ambiguity
****  TOTAL                                                          15.00%  5 sequences failed composition chi2 test (p-value<5%; df=19)
NOTE: KGT93339.1_Erwinia_FliF is identical to ORN02599.1_Pantoea_FliF but kept for subsequent analysis
NOTE: AAF95278.1_Vibrio_FliF is identical to QEO40727.1_Vibrio_FliF but kept for subsequent analysis
NOTE: WP_084977171.1_Plesiomonas_FliF is identical to AVQ87012.1_Plesiomonas_FliF but kept for subsequent analysis
NOTE: ACB84974.1_Natranaerobius_FliF is identical to UMZ73356.1_Natranaerofaba_FliF but kept for subsequent analysis
NOTE: AJJ53162.1_Yersinia_T3SS_YscJ_HrcJ is identical to EDR30632.1_Yersinia_T3SS but kept for subsequent analysis


Create initial parsimony tree by phylogenetic likelihood library (PLL)... 0.049 seconds
Perform fast likelihood tree search using LG+I+G model...
Estimate model parameters (epsilon = 5.000)
Perform nearest neighbor interchange...
Estimate model parameters (epsilon = 1.000)
1. Initial log-likelihood: -58469.807
Optimal log-likelihood: -58469.796
Proportion of invariable sites: 0.062
Gamma shape alpha: 0.855
Parameters optimization took 1 rounds (0.366 sec)
Time for fast ML tree search: 5.208 seconds

NOTE: ModelFinder requires 151 MB RAM!
ModelFinder will test up to 352 protein models (sample size: 350 epsilon: 0.100) ...
 No. Model         -LnL         df  AIC          AICc         BIC
Reading model parameters from file 3DI
WARNING: Normalizing state frequencies so that sum of them equals to 1
  1  3DI           46686.321    533 94438.642    663682.642   96494.921
Reading model parameters from file 3DI
WARNING: Normalizing state frequencies so that sum of them equals to 1
  2  3DI+G4        43856.951    534 88781.902    660161.902   90842.038
Reading model parameters from file 3DI
WARNING: Normalizing state frequencies so that sum of them equals to 1
  3  3DI+R2        44431.469    535 89932.938    663452.938   91996.932
Reading model parameters from file 3DI
WARNING: Normalizing state frequencies so that sum of them equals to 1
  4  3DI+R3        43987.932    537 89049.865    666861.865   91121.575
Reading model parameters from file 3DI
WARNING: Normalizing state frequencies so that sum of them equals to 1
  5  3DI+R4        43829.887    539 88737.773    670857.773   90817.199
Reading model parameters from file 3DI
WARNING: Normalizing state frequencies so that sum of them equals to 1
  6  3DI+R5        43776.103    541 88634.206    675078.206   90721.348
Reading model parameters from file 3DI
WARNING: Normalizing state frequencies so that sum of them equals to 1
  7  3DI+R6        43741.965    543 88569.930    679353.930   90664.788
Reading model parameters from file 3DI
WARNING: Normalizing state frequencies so that sum of them equals to 1
  8  3DI+R7        43738.170    545 88566.340    683706.340   90668.913
Reading model parameters from file 3DI
WARNING: Normalizing state frequencies so that sum of them equals to 1
 12  3DI+F         47138.675    552 95381.349    705893.349   97510.928
Reading model parameters from file 3DI
WARNING: Normalizing state frequencies so that sum of them equals to 1
 13  3DI+F+G4      44568.588    553 90243.177    702967.177   92376.614
Reading model parameters from file 3DI
WARNING: Normalizing state frequencies so that sum of them equals to 1
 14  3DI+F+R2      45122.817    554 91353.634    706293.634   93490.929
Reading model parameters from file 3DI
WARNING: Normalizing state frequencies so that sum of them equals to 1
 15  3DI+F+R3      44667.871    556 90447.743    709831.743   92592.754
Reading model parameters from file 3DI
WARNING: Normalizing state frequencies so that sum of them equals to 1
 16  3DI+F+R4      44537.145    558 90190.290    714034.290   92343.017
Reading model parameters from file 3DI
WARNING: Normalizing state frequencies so that sum of them equals to 1
 17  3DI+F+R5      44481.114    560 90082.228    718402.228   92242.670
Reading model parameters from file 3DI
WARNING: Normalizing state frequencies so that sum of them equals to 1
 18  3DI+F+R6      44459.508    562 90043.015    722855.015   92211.174
Reading model parameters from file 3DI
WARNING: Normalizing state frequencies so that sum of them equals to 1
 19  3DI+F+R7      44454.050    564 90036.100    727356.100   92211.975
 23  Blosum62      58916.194    533 118898.387   688142.387   120954.665
 24  Blosum62+G4   55401.265    534 111870.529   683250.529   113930.666
 25  Blosum62+R2   56085.188    535 113240.376   686760.376   115304.371
 26  Blosum62+R3   55515.886    537 112105.773   689917.773   114177.483
 27  Blosum62+R4   55359.963    539 111797.927   693917.927   113877.352
 28  Blosum62+R5   55303.686    541 111689.373   698133.373   113776.515
 29  Blosum62+R6   55277.048    543 111640.095   702424.095   113734.953
 30  Blosum62+R7   55271.579    545 111633.157   706773.157   113735.731
 34  Blosum62+F    55387.721    552 111879.442   722391.442   114009.021
 35  Blosum62+F+G4 51782.350    553 104670.700   717394.700   106804.137
 36  Blosum62+F+R2 52509.243    554 106126.486   721066.486   108263.781
 37  Blosum62+F+R3 51927.691    556 104967.383   724351.383   107112.393
 38  Blosum62+F+R4 51755.863    558 104627.726   728471.726   106780.453
 39  Blosum62+F+R5 51664.632    560 104449.263   732769.263   106609.706
 40  Blosum62+F+R6 51645.757    562 104415.513   737227.513   106583.672
 41  Blosum62+F+R7 51633.516    564 104395.031   741715.031   106570.906
 42  Blosum62+F+R8 51628.648    566 104389.296   746233.296   106572.887
 45  Dayhoff       64251.334    533 129568.667   698812.667   131624.946
 46  Dayhoff+G4    59823.147    534 120714.294   692094.294   122774.431
 47  Dayhoff+R2    60922.093    535 122914.186   696434.186   124978.181
 48  Dayhoff+R3    60102.483    537 121278.966   699090.966   123350.676
 49  Dayhoff+R4    59774.861    539 120627.721   702747.721   122707.147
 50  Dayhoff+R5    59647.958    541 120377.917   706821.917   122465.059
 51  Dayhoff+R6    59586.218    543 120258.436   711042.436   122353.294
 52  Dayhoff+R7    59555.294    545 120200.589   715340.589   122303.162
 53  Dayhoff+R8    59543.555    547 120181.109   719693.109   122291.399
 54  Dayhoff+R9    59542.296    549 120182.592   724082.592   122300.597
 56  Dayhoff+F     60830.224    552 122764.448   733276.448   124894.027
 57  Dayhoff+F+G4  55485.536    553 112077.072   724801.072   114210.510
 58  Dayhoff+F+R2  56697.443    554 114502.886   729442.886   116640.181
 59  Dayhoff+F+R3  55849.268    556 112810.537   732194.537   114955.548
 60  Dayhoff+F+R4  55444.075    558 112004.149   735848.149   114156.876
 61  Dayhoff+F+R5  55315.957    560 111751.914   740071.914   113912.357
 62  Dayhoff+F+R6  55245.821    562 111615.641   744427.641   113783.800
 63  Dayhoff+F+R7  55222.676    564 111573.352   748893.352   113749.226
 64  Dayhoff+F+R8  55208.979    566 111549.959   753393.959   113733.549
 65  Dayhoff+F+R9  55207.687    568 111551.374   757935.374   113742.680
 67  DCMut         64172.368    533 129410.737   698654.737   131467.015
 68  DCMut+G4      59757.533    534 120583.067   691963.067   122643.203
 69  DCMut+R2      60855.152    535 122780.304   696300.304   124844.298
 70  DCMut+R3      60036.931    537 121147.861   698959.861   123219.571
 71  DCMut+R4      59709.300    539 120496.601   702616.601   122576.027
 72  DCMut+R5      59581.145    541 120244.290   706688.290   122331.432
 73  DCMut+R6      59525.976    543 120137.951   710921.951   122232.809
 74  DCMut+R7      59490.145    545 120070.290   715210.290   122172.864
 75  DCMut+R8      59476.917    547 120047.834   719559.834   122158.123
 76  DCMut+R9      59476.242    549 120050.484   723950.484   122168.489
 78  DCMut+F       60754.422    552 122612.843   733124.843   124742.422
 79  DCMut+F+G4    55438.328    553 111982.657   724706.657   114116.094
 80  DCMut+F+R2    56646.078    554 114400.156   729340.156   116537.451
 81  DCMut+F+R3    55799.719    556 112711.438   732095.438   114856.449
 82  DCMut+F+R4    55397.025    558 111910.051   735754.051   114062.777
 83  DCMut+F+R5    55263.628    560 111647.256   739967.256   113807.698
 84  DCMut+F+R6    55195.300    562 111514.601   744326.601   113682.759
 85  DCMut+F+R7    55175.966    564 111479.933   748799.933   113655.807
 86  DCMut+F+R8    55161.700    566 111455.401   753299.401   113638.991
 87  DCMut+F+R9    55161.149    568 111458.299   757842.299   113649.605
 89  JTT           62306.538    533 125679.076   694923.076   127735.355
 90  JTT+G4        58655.638    534 118379.276   689759.276   120439.413
 91  JTT+R2        59456.392    535 119982.785   693502.785   122046.779
 92  JTT+R3        58800.303    537 118674.607   696486.607   120746.317
 93  JTT+R4        58610.670    539 118299.339   700419.339   120378.765
 94  JTT+R5        58524.478    541 118130.956   704574.956   120218.098
 95  JTT+R6        58482.888    543 118051.777   708835.777   120146.635
 96  JTT+R7        58461.169    545 118012.337   713152.337   120114.911
 97  JTT+R8        58452.202    547 117998.404   717510.404   120108.693
 98  JTT+R9        58451.275    549 118000.550   721900.550   120118.555
100  JTT+F         58528.836    552 118161.673   728673.673   120291.252
101  JTT+F+G4      54245.153    553 109596.306   722320.306   111729.743
102  JTT+F+R2      55172.879    554 111453.757   726393.757   113591.052
103  JTT+F+R3      54491.074    556 110094.148   729478.148   112239.159
104  JTT+F+R4      54191.250    558 109498.500   733342.500   111651.227
105  JTT+F+R5      54081.475    560 109282.950   737602.950   111443.393
106  JTT+F+R6      54030.060    562 109184.120   741996.120   111352.278
107  JTT+F+R7      54016.163    564 109160.325   746480.325   111336.199
108  JTT+F+R8      54007.813    566 109147.627   750991.627   111331.217
109  JTT+F+R9      54006.707    568 109149.413   755533.413   111340.719
111  JTTDCMut      62546.335    533 126158.669   695402.669   128214.948
112  JTTDCMut+G4   58862.410    534 118792.820   690172.820   120852.957
113  JTTDCMut+R2   59675.829    535 120421.659   693941.659   122485.653
114  JTTDCMut+R3   59007.513    537 119089.027   696901.027   121160.737
115  JTTDCMut+R4   58820.434    539 118718.869   700838.869   120798.295
116  JTTDCMut+R5   58735.088    541 118552.177   704996.177   120639.319
117  JTTDCMut+R6   58702.614    543 118491.228   709275.228   120586.086
118  JTTDCMut+R7   58669.302    545 118428.605   713568.605   120531.178
119  JTTDCMut+R8   58660.614    547 118415.229   717927.229   120525.518
120  JTTDCMut+R9   58659.561    549 118417.122   722317.122   120535.127
122  JTTDCMut+F    58787.755    552 118679.510   729191.510   120809.089
123  JTTDCMut+F+G4 54440.850    553 109987.701   722711.701   112121.138
124  JTTDCMut+F+R2 55384.231    554 111876.461   726816.461   114013.756
125  JTTDCMut+F+R3 54689.575    556 110491.151   729875.151   112636.161
126  JTTDCMut+F+R4 54388.055    558 109892.110   733736.110   112044.837
127  JTTDCMut+F+R5 54275.312    560 109670.625   737990.625   111831.067
128  JTTDCMut+F+R6 54224.342    562 109572.685   742384.685   111740.843
129  JTTDCMut+F+R7 54209.799    564 109547.598   746867.598   111723.472
130  JTTDCMut+F+R8 54200.140    566 109532.279   751376.279   111715.869
131  JTTDCMut+F+R9 54199.473    568 109534.946   755918.946   111726.252
133  LG            62500.926    533 126067.853   695311.853   128124.131
134  LG+G4         58509.703    534 118087.407   689467.407   120147.543
135  LG+R2         59367.572    535 119805.144   693325.144   121869.138
136  LG+R3         58663.862    537 118401.724   696213.724   120473.434
137  LG+R4         58483.464    539 118044.929   700164.929   120124.355
138  LG+R5         58400.657    541 117883.314   704327.314   119970.455
139  LG+R6         58364.047    543 117814.093   708598.093   119908.951
140  LG+R7         58344.516    545 117779.032   712919.032   119881.605
141  LG+R8         58337.416    547 117768.833   717280.833   119879.122
142  LG+R9         58337.260    549 117772.520   721672.520   119890.525
144  LG+F          58162.732    552 117429.465   727941.465   119559.044
145  LG+F+G4       53794.664    553 108695.328   721419.328   110828.765
146  LG+F+R2       54599.101    554 110306.202   725246.202   112443.497
147  LG+F+R3       53953.556    556 109019.113   728403.113   111164.123
148  LG+F+R4       53689.061    558 108494.123   732338.123   110646.850
149  LG+F+R5       53582.851    560 108285.701   736605.701   110446.144
150  LG+F+R6       53532.383    562 108188.765   741000.765   110356.923
151  LG+F+R7       53511.760    564 108151.521   745471.521   110327.395
152  LG+F+R8       53505.490    566 108142.981   749986.981   110326.571
+R9 reinitialized from +R8 with factor 0.500
153  LG+F+R9       53502.868    568 108141.737   754525.737   110333.043
155  Poisson       55054.216    533 111174.432   680418.432   113230.710
156  Poisson+G4    52354.091    534 105776.183   677156.183   107836.319
157  Poisson+R2    52811.276    535 106692.552   680212.552   108756.547
158  Poisson+R3    52426.137    537 105926.273   683738.273   107997.983
159  Poisson+R4    52308.849    539 105695.698   687815.698   107775.124
160  Poisson+R5    52269.411    541 105620.822   692064.822   107707.964
161  Poisson+R6    52252.280    543 105590.560   696374.560   107685.418
162  Poisson+R7    52245.746    545 105581.492   700721.492   107684.066
163  Poisson+R8    52245.811    547 105585.622   705097.622   107695.911
166  Poisson+F     53143.942    552 107391.884   717903.884   109521.463
167  Poisson+F+G4  50410.184    553 101926.368   714650.368   104059.805
168  Poisson+F+R2  50864.156    554 102836.312   717776.312   104973.607
169  Poisson+F+R3  50488.380    556 102088.760   721472.760   104233.771
170  Poisson+F+R4  50356.268    558 101828.537   725672.537   103981.263
171  Poisson+F+R5  50323.642    560 101767.283   730087.283   103927.726
172  Poisson+F+R6  50294.167    562 101712.335   734524.335   103880.493
173  Poisson+F+R7  50292.354    564 101712.708   739032.708   103888.582
177  Poisson+FQ    55054.219    533 111174.439   680418.439   113230.717
178  Poisson+FQ+G4 52354.077    534 105776.153   677156.153   107836.290
179  Poisson+FQ+R2 52811.276    535 106692.551   680212.551   108756.546
180  Poisson+FQ+R3 52426.555    537 105927.110   683739.110   107998.820
181  Poisson+FQ+R4 52308.824    539 105695.648   687815.648   107775.074
182  Poisson+FQ+R5 52269.413    541 105620.825   692064.825   107707.967
183  Poisson+FQ+R6 52252.279    543 105590.558   696374.558   107685.416
184  Poisson+FQ+R7 52245.616    545 105581.232   700721.232   107683.805
+R8 reinitialized from +R7 with factor 0.500
185  Poisson+FQ+R8 52245.564    547 105585.128   705097.128   107695.418
188  Poisson+FQ    55054.219    533 111174.439   680418.439   113230.717
189  Poisson+FQ+G4 52354.077    534 105776.153   677156.153   107836.290
190  Poisson+FQ+R2 52811.276    535 106692.551   680212.551   108756.546
191  Poisson+FQ+R3 52426.555    537 105927.110   683739.110   107998.820
192  Poisson+FQ+R4 52308.824    539 105695.648   687815.648   107775.074
193  Poisson+FQ+R5 52269.413    541 105620.825   692064.825   107707.967
194  Poisson+FQ+R6 52252.279    543 105590.558   696374.558   107685.416
195  Poisson+FQ+R7 52245.616    545 105581.232   700721.232   107683.805
196  Poisson+FQ+R8 52245.564    547 105585.128   705097.128   107695.418
199  Poisson       55054.216    533 111174.432   680418.432   113230.710
200  Poisson+G4    52354.091    534 105776.183   677156.183   107836.319
201  Poisson+R2    52811.276    535 106692.552   680212.552   108756.547
202  Poisson+R3    52426.137    537 105926.273   683738.273   107997.983
203  Poisson+R4    52308.849    539 105695.698   687815.698   107775.124
204  Poisson+R5    52269.411    541 105620.822   692064.822   107707.964
205  Poisson+R6    52252.280    543 105590.560   696374.560   107685.418
206  Poisson+R7    52245.746    545 105581.492   700721.492   107684.066
207  Poisson+R8    52245.811    547 105585.622   705097.622   107695.911
210  Poisson+F     53143.942    552 107391.884   717903.884   109521.463
211  Poisson+F+G4  50410.184    553 101926.368   714650.368   104059.805
212  Poisson+F+R2  50864.156    554 102836.312   717776.312   104973.607
213  Poisson+F+R3  50488.380    556 102088.760   721472.760   104233.771
214  Poisson+F+R4  50356.268    558 101828.537   725672.537   103981.263
215  Poisson+F+R5  50323.642    560 101767.283   730087.283   103927.726
216  Poisson+F+R6  50294.167    562 101712.335   734524.335   103880.493
217  Poisson+F+R7  50292.354    564 101712.708   739032.708   103888.582
221  PMB           57992.384    533 117050.769   686294.769   119107.047
222  PMB+G4        54732.641    534 110533.282   681913.282   112593.418
223  PMB+R2        55360.842    535 111791.684   685311.684   113855.679
224  PMB+R3        54836.390    537 110746.780   688558.780   112818.490
225  PMB+R4        54694.877    539 110467.754   692587.754   112547.180
226  PMB+R5        54649.972    541 110381.944   696825.944   112469.086
227  PMB+R6        54620.475    543 110326.949   701110.949   112421.807
228  PMB+R7        54612.922    545 110315.843   705455.843   112418.417
229  PMB+R8        54609.441    547 110312.881   709824.881   112423.171
232  PMB+F         54752.895    552 110609.789   721121.789   112739.368
233  PMB+F+G4      51383.716    553 103873.433   716597.433   106006.870
234  PMB+F+R2      52062.241    554 105232.481   720172.481   107369.776
235  PMB+F+R3      51517.195    556 104146.391   723530.391   106291.401
236  PMB+F+R4      51362.069    558 103840.138   727684.138   105992.864
237  PMB+F+R5      51283.254    560 103686.508   732006.508   105846.951
238  PMB+F+R6      51264.086    562 103652.172   736464.172   105820.331
239  PMB+F+R7      51254.266    564 103636.532   740956.532   105812.407
240  PMB+F+R8      51249.604    566 103631.208   745475.208   105814.799
243  WAG           60114.099    533 121294.198   690538.198   123350.477
244  WAG+G4        56611.504    534 114291.007   685671.007   116351.143
245  WAG+R2        57318.837    535 115707.673   689227.673   117771.668
246  WAG+R3        56745.076    537 114564.153   692376.153   116635.863
247  WAG+R4        56584.126    539 114246.252   696366.252   116325.678
248  WAG+R5        56519.607    541 114121.214   700565.214   116208.356
249  WAG+R6        56488.431    543 114062.862   704846.862   116157.720
250  WAG+R7        56470.699    545 114031.399   709171.399   116133.973
251  WAG+R8        56463.510    547 114021.020   713533.020   116131.309
+R9 reinitialized from +R8 with factor 0.500
252  WAG+R9        56463.470    549 114024.940   717924.940   116142.945
254  WAG+F         56504.378    552 114112.755   724624.755   116242.334
255  WAG+F+G4      52590.384    553 106286.768   719010.768   108420.205
256  WAG+F+R2      53379.831    554 107867.662   722807.662   110004.957
257  WAG+F+R3      52739.249    556 106590.498   725974.498   108735.509
258  WAG+F+R4      52550.321    558 106216.642   730060.642   108369.369
259  WAG+F+R5      52441.389    560 106002.778   734322.778   108163.221
260  WAG+F+R6      52413.635    562 105951.270   738763.270   108119.429
261  WAG+F+R7      52386.912    564 105901.824   743221.824   108077.698
262  WAG+F+R8      52382.843    566 105897.687   747741.687   108081.277
Model EX2+FU is alias for MIX{BurEX2:0.672020808818762,ExpEX2:1.6413466609931}+FU
WARNING: Normalizing state frequencies so that sum of them equals to 1
265  EX2+FU        59736.007    534 120540.014   691920.014   122600.151
Model EX2+FU+G is alias for MIX{BurEX2:0.672020808818762,ExpEX2:1.6413466609931}+FU+G
WARNING: Normalizing state frequencies so that sum of them equals to 1
266  EX2+FU+G      57495.220    535 116060.440   689580.440   118124.434
Model EX2+FU+R2 is alias for MIX{BurEX2:0.672020808818762,ExpEX2:1.6413466609931}+FU+R2
WARNING: Normalizing state frequencies so that sum of them equals to 1
267  EX2+FU+R2     58070.034    536 117212.068   692876.068   119279.920
Model EX2+FU+R3 is alias for MIX{BurEX2:0.672020808818762,ExpEX2:1.6413466609931}+FU+R3
WARNING: Normalizing state frequencies so that sum of them equals to 1
268  EX2+FU+R3     57626.100    538 116328.200   696292.200   118403.768
Model EX2+FU+R4 is alias for MIX{BurEX2:0.672020808818762,ExpEX2:1.6413466609931}+FU+R4
WARNING: Normalizing state frequencies so that sum of them equals to 1
269  EX2+FU+R4     57443.946    540 115967.892   700247.892   118051.175
Model EX2+FU+R5 is alias for MIX{BurEX2:0.672020808818762,ExpEX2:1.6413466609931}+FU+R5
WARNING: Normalizing state frequencies so that sum of them equals to 1
270  EX2+FU+R5     57342.018    542 115768.036   704380.036   117859.036
Model EX2+FU+R6 is alias for MIX{BurEX2:0.672020808818762,ExpEX2:1.6413466609931}+FU+R6
WARNING: Normalizing state frequencies so that sum of them equals to 1
271  EX2+FU+R6     57291.954    544 115671.909   708631.909   117770.624
Model EX2+FU+R7 is alias for MIX{BurEX2:0.672020808818762,ExpEX2:1.6413466609931}+FU+R7
WARNING: Normalizing state frequencies so that sum of them equals to 1
272  EX2+FU+R7     57265.214    546 115622.428   712946.428   117728.860
Model EX2+FU+R8 is alias for MIX{BurEX2:0.672020808818762,ExpEX2:1.6413466609931}+FU+R8
WARNING: Normalizing state frequencies so that sum of them equals to 1
273  EX2+FU+R8     57260.139    548 115616.278   717320.278   117730.425
Model EX2+F is alias for MIX{BurEX2:0.672020808818762,ExpEX2:1.6413466609931}+F
WARNING: Normalizing state frequencies so that sum of them equals to 1
276  EX2+F         56191.922    553 113489.844   726213.844   115623.281
Model EX2+F+G is alias for MIX{BurEX2:0.672020808818762,ExpEX2:1.6413466609931}+F+G
WARNING: Normalizing state frequencies so that sum of them equals to 1
277  EX2+F+G       53120.927    554 107349.854   722289.854   109487.149
Model EX2+F+R2 is alias for MIX{BurEX2:0.672020808818762,ExpEX2:1.6413466609931}+F+R2
WARNING: Normalizing state frequencies so that sum of them equals to 1
278  EX2+F+R2      53921.224    555 108952.448   726112.448   111093.601
Model EX2+F+R3 is alias for MIX{BurEX2:0.672020808818762,ExpEX2:1.6413466609931}+F+R3
WARNING: Normalizing state frequencies so that sum of them equals to 1
279  EX2+F+R3      53287.532    557 107689.064   729301.064   109837.932
Model EX2+F+R4 is alias for MIX{BurEX2:0.672020808818762,ExpEX2:1.6413466609931}+F+R4
WARNING: Normalizing state frequencies so that sum of them equals to 1
280  EX2+F+R4      53117.462    559 107352.924   733432.924   109509.508
Model EX2+F+R5 is alias for MIX{BurEX2:0.672020808818762,ExpEX2:1.6413466609931}+F+R5
WARNING: Normalizing state frequencies so that sum of them equals to 1
281  EX2+F+R5      53039.754    561 107201.508   737765.508   109365.808
Model EX2+F+R6 is alias for MIX{BurEX2:0.672020808818762,ExpEX2:1.6413466609931}+F+R6
WARNING: Normalizing state frequencies so that sum of them equals to 1
282  EX2+F+R6      52973.588    563 107073.175   742137.175   109245.192
Model EX2+F+R7 is alias for MIX{BurEX2:0.672020808818762,ExpEX2:1.6413466609931}+F+R7
WARNING: Normalizing state frequencies so that sum of them equals to 1
283  EX2+F+R7      52957.354    565 107044.707   746624.707   109224.440
Model EX2+F+R8 is alias for MIX{BurEX2:0.672020808818762,ExpEX2:1.6413466609931}+F+R8
WARNING: Normalizing state frequencies so that sum of them equals to 1
284  EX2+F+R8      52952.349    567 107038.698   751150.698   109226.146
Model EX3+FU is alias for MIX{BurEX3:0.427672756793791,IntEX3:0.837595938019774,HExEX3:1.51863631431518}+FU
WARNING: Normalizing state frequencies so that sum of them equals to 1
WARNING: Normalizing state frequencies so that sum of them equals to 1
287  EX3+FU        58891.357    535 118852.714   692372.714   120916.709
Model EX3+FU+G is alias for MIX{BurEX3:0.427672756793791,IntEX3:0.837595938019774,HExEX3:1.51863631431518}+FU+G
WARNING: Normalizing state frequencies so that sum of them equals to 1
WARNING: Normalizing state frequencies so that sum of them equals to 1
288  EX3+FU+G      57029.897    536 115131.794   690795.794   117199.647
Model EX3+FU+R2 is alias for MIX{BurEX3:0.427672756793791,IntEX3:0.837595938019774,HExEX3:1.51863631431518}+FU+R2
WARNING: Normalizing state frequencies so that sum of them equals to 1
WARNING: Normalizing state frequencies so that sum of them equals to 1
289  EX3+FU+R2     57467.235    537 116008.470   693820.470   118080.180
Model EX3+FU+R3 is alias for MIX{BurEX3:0.427672756793791,IntEX3:0.837595938019774,HExEX3:1.51863631431518}+FU+R3
WARNING: Normalizing state frequencies so that sum of them equals to 1
WARNING: Normalizing state frequencies so that sum of them equals to 1
290  EX3+FU+R3     57186.082    539 115450.165   697570.165   117529.591
Model EX3+FU+R4 is alias for MIX{BurEX3:0.427672756793791,IntEX3:0.837595938019774,HExEX3:1.51863631431518}+FU+R4
WARNING: Normalizing state frequencies so that sum of them equals to 1
WARNING: Normalizing state frequencies so that sum of them equals to 1
291  EX3+FU+R4     57021.945    541 115125.890   701569.890   117213.032
Model EX3+FU+R5 is alias for MIX{BurEX3:0.427672756793791,IntEX3:0.837595938019774,HExEX3:1.51863631431518}+FU+R5
WARNING: Normalizing state frequencies so that sum of them equals to 1
WARNING: Normalizing state frequencies so that sum of them equals to 1
292  EX3+FU+R5     56938.756    543 114963.512   705747.512   117058.370
Model EX3+FU+R6 is alias for MIX{BurEX3:0.427672756793791,IntEX3:0.837595938019774,HExEX3:1.51863631431518}+FU+R6
WARNING: Normalizing state frequencies so that sum of them equals to 1
WARNING: Normalizing state frequencies so that sum of them equals to 1
293  EX3+FU+R6     56888.722    545 114867.443   710007.443   116970.017
Model EX3+FU+R7 is alias for MIX{BurEX3:0.427672756793791,IntEX3:0.837595938019774,HExEX3:1.51863631431518}+FU+R7
WARNING: Normalizing state frequencies so that sum of them equals to 1
WARNING: Normalizing state frequencies so that sum of them equals to 1
294  EX3+FU+R7     56855.507    547 114805.014   714317.014   116915.304
Model EX3+FU+R8 is alias for MIX{BurEX3:0.427672756793791,IntEX3:0.837595938019774,HExEX3:1.51863631431518}+FU+R8
WARNING: Normalizing state frequencies so that sum of them equals to 1
WARNING: Normalizing state frequencies so that sum of them equals to 1
295  EX3+FU+R8     56836.394    549 114770.789   718670.789   116888.794
Model EX3+FU+R9 is alias for MIX{BurEX3:0.427672756793791,IntEX3:0.837595938019774,HExEX3:1.51863631431518}+FU+R9
WARNING: Normalizing state frequencies so that sum of them equals to 1
WARNING: Normalizing state frequencies so that sum of them equals to 1
+R9 reinitialized from +R8 with factor 0.500
296  EX3+FU+R9     56836.144    551 114774.288   723078.288   116900.009
Model EX3+F is alias for MIX{BurEX3:0.427672756793791,IntEX3:0.837595938019774,HExEX3:1.51863631431518}+F
WARNING: Normalizing state frequencies so that sum of them equals to 1
WARNING: Normalizing state frequencies so that sum of them equals to 1
298  EX3+F         55822.422    554 112752.844   727692.844   114890.139
Model EX3+F+G is alias for MIX{BurEX3:0.427672756793791,IntEX3:0.837595938019774,HExEX3:1.51863631431518}+F+G
WARNING: Normalizing state frequencies so that sum of them equals to 1
WARNING: Normalizing state frequencies so that sum of them equals to 1
299  EX3+F+G       52944.506    555 106999.013   724159.013   109140.166
Model EX3+F+R2 is alias for MIX{BurEX3:0.427672756793791,IntEX3:0.837595938019774,HExEX3:1.51863631431518}+F+R2
WARNING: Normalizing state frequencies so that sum of them equals to 1
WARNING: Normalizing state frequencies so that sum of them equals to 1
300  EX3+F+R2      53606.472    556 108324.944   727708.944   110469.954
Model EX3+F+R3 is alias for MIX{BurEX3:0.427672756793791,IntEX3:0.837595938019774,HExEX3:1.51863631431518}+F+R3
WARNING: Normalizing state frequencies so that sum of them equals to 1
WARNING: Normalizing state frequencies so that sum of them equals to 1
301  EX3+F+R3      53106.487    558 107328.975   731172.975   109481.701
Model EX3+F+R4 is alias for MIX{BurEX3:0.427672756793791,IntEX3:0.837595938019774,HExEX3:1.51863631431518}+F+R4
WARNING: Normalizing state frequencies so that sum of them equals to 1
WARNING: Normalizing state frequencies so that sum of them equals to 1
302  EX3+F+R4      52928.946    560 106977.891   735297.891   109138.334
Model EX3+F+R5 is alias for MIX{BurEX3:0.427672756793791,IntEX3:0.837595938019774,HExEX3:1.51863631431518}+F+R5
WARNING: Normalizing state frequencies so that sum of them equals to 1
WARNING: Normalizing state frequencies so that sum of them equals to 1
303  EX3+F+R5      52868.274    562 106860.547   739672.547   109028.706
Model EX3+F+R6 is alias for MIX{BurEX3:0.427672756793791,IntEX3:0.837595938019774,HExEX3:1.51863631431518}+F+R6
WARNING: Normalizing state frequencies so that sum of them equals to 1
WARNING: Normalizing state frequencies so that sum of them equals to 1
304  EX3+F+R6      52802.373    564 106732.745   744052.745   108908.620
Model EX3+F+R7 is alias for MIX{BurEX3:0.427672756793791,IntEX3:0.837595938019774,HExEX3:1.51863631431518}+F+R7
WARNING: Normalizing state frequencies so that sum of them equals to 1
WARNING: Normalizing state frequencies so that sum of them equals to 1
305  EX3+F+R7      52788.773    566 106709.546   748553.546   108893.137
Model EX3+F+R8 is alias for MIX{BurEX3:0.427672756793791,IntEX3:0.837595938019774,HExEX3:1.51863631431518}+F+R8
WARNING: Normalizing state frequencies so that sum of them equals to 1
WARNING: Normalizing state frequencies so that sum of them equals to 1
306  EX3+F+R8      52770.562    568 106677.124   753061.124   108868.430
Model EX3+F+R9 is alias for MIX{BurEX3:0.427672756793791,IntEX3:0.837595938019774,HExEX3:1.51863631431518}+F+R9
WARNING: Normalizing state frequencies so that sum of them equals to 1
WARNING: Normalizing state frequencies so that sum of them equals to 1
+R9 reinitialized from +R8 with factor 0.500
307  EX3+F+R9      52770.465    570 106680.930   757620.930   108879.952
Model EHO+FU is alias for MIX{ExtEHO:0.720274356,HelEHO:0.976798797,OthEHO:0.783109376}+FU
WARNING: Normalizing state frequencies so that sum of them equals to 1
WARNING: Normalizing state frequencies so that sum of them equals to 1
WARNING: Normalizing state frequencies so that sum of them equals to 1
309  EHO+FU        61177.932    535 123425.864   696945.864   125489.858
Model EHO+FU+G is alias for MIX{ExtEHO:0.720274356,HelEHO:0.976798797,OthEHO:0.783109376}+FU+G
WARNING: Normalizing state frequencies so that sum of them equals to 1
WARNING: Normalizing state frequencies so that sum of them equals to 1
WARNING: Normalizing state frequencies so that sum of them equals to 1
310  EHO+FU+G      57662.388    536 116396.776   692060.776   118464.629
Model EHO+FU+R2 is alias for MIX{ExtEHO:0.720274356,HelEHO:0.976798797,OthEHO:0.783109376}+FU+R2
WARNING: Normalizing state frequencies so that sum of them equals to 1
WARNING: Normalizing state frequencies so that sum of them equals to 1
WARNING: Normalizing state frequencies so that sum of them equals to 1
311  EHO+FU+R2     58478.586    537 118031.173   695843.173   120102.883
Model EHO+FU+R3 is alias for MIX{ExtEHO:0.720274356,HelEHO:0.976798797,OthEHO:0.783109376}+FU+R3
WARNING: Normalizing state frequencies so that sum of them equals to 1
WARNING: Normalizing state frequencies so that sum of them equals to 1
WARNING: Normalizing state frequencies so that sum of them equals to 1
312  EHO+FU+R3     57855.566    539 116789.132   698909.132   118868.558
Model EHO+FU+R4 is alias for MIX{ExtEHO:0.720274356,HelEHO:0.976798797,OthEHO:0.783109376}+FU+R4
WARNING: Normalizing state frequencies so that sum of them equals to 1
WARNING: Normalizing state frequencies so that sum of them equals to 1
WARNING: Normalizing state frequencies so that sum of them equals to 1
313  EHO+FU+R4     57629.828    541 116341.656   702785.656   118428.798
Model EHO+FU+R5 is alias for MIX{ExtEHO:0.720274356,HelEHO:0.976798797,OthEHO:0.783109376}+FU+R5
WARNING: Normalizing state frequencies so that sum of them equals to 1
WARNING: Normalizing state frequencies so that sum of them equals to 1
WARNING: Normalizing state frequencies so that sum of them equals to 1
314  EHO+FU+R5     57580.551    543 116247.101   707031.101   118341.959
Model EHO+FU+R6 is alias for MIX{ExtEHO:0.720274356,HelEHO:0.976798797,OthEHO:0.783109376}+FU+R6
WARNING: Normalizing state frequencies so that sum of them equals to 1
WARNING: Normalizing state frequencies so that sum of them equals to 1
WARNING: Normalizing state frequencies so that sum of them equals to 1
315  EHO+FU+R6     57544.705    545 116179.409   711319.409   118281.983
Model EHO+FU+R7 is alias for MIX{ExtEHO:0.720274356,HelEHO:0.976798797,OthEHO:0.783109376}+FU+R7
WARNING: Normalizing state frequencies so that sum of them equals to 1
WARNING: Normalizing state frequencies so that sum of them equals to 1
WARNING: Normalizing state frequencies so that sum of them equals to 1
316  EHO+FU+R7     57526.137    547 116146.275   715658.275   118256.564
Model EHO+FU+R8 is alias for MIX{ExtEHO:0.720274356,HelEHO:0.976798797,OthEHO:0.783109376}+FU+R8
WARNING: Normalizing state frequencies so that sum of them equals to 1
WARNING: Normalizing state frequencies so that sum of them equals to 1
WARNING: Normalizing state frequencies so that sum of them equals to 1
317  EHO+FU+R8     57520.325    549 116138.650   720038.650   118256.655
Model EHO+F is alias for MIX{ExtEHO:0.720274356,HelEHO:0.976798797,OthEHO:0.783109376}+F
WARNING: Normalizing state frequencies so that sum of them equals to 1
WARNING: Normalizing state frequencies so that sum of them equals to 1
WARNING: Normalizing state frequencies so that sum of them equals to 1
320  EHO+F         56104.677    554 113317.354   728257.354   115454.649
Model EHO+F+G is alias for MIX{ExtEHO:0.720274356,HelEHO:0.976798797,OthEHO:0.783109376}+F+G
WARNING: Normalizing state frequencies so that sum of them equals to 1
WARNING: Normalizing state frequencies so that sum of them equals to 1
WARNING: Normalizing state frequencies so that sum of them equals to 1
321  EHO+F+G       52654.219    555 106418.438   723578.438   108559.591
Model EHO+F+R2 is alias for MIX{ExtEHO:0.720274356,HelEHO:0.976798797,OthEHO:0.783109376}+F+R2
WARNING: Normalizing state frequencies so that sum of them equals to 1
WARNING: Normalizing state frequencies so that sum of them equals to 1
WARNING: Normalizing state frequencies so that sum of them equals to 1
322  EHO+F+R2      53344.110    556 107800.220   727184.220   109945.231
Model EHO+F+R3 is alias for MIX{ExtEHO:0.720274356,HelEHO:0.976798797,OthEHO:0.783109376}+F+R3
WARNING: Normalizing state frequencies so that sum of them equals to 1
WARNING: Normalizing state frequencies so that sum of them equals to 1
WARNING: Normalizing state frequencies so that sum of them equals to 1
323  EHO+F+R3      52891.377    558 106898.753   730742.753   109051.480
Model EHO+F+R4 is alias for MIX{ExtEHO:0.720274356,HelEHO:0.976798797,OthEHO:0.783109376}+F+R4
WARNING: Normalizing state frequencies so that sum of them equals to 1
WARNING: Normalizing state frequencies so that sum of them equals to 1
WARNING: Normalizing state frequencies so that sum of them equals to 1
324  EHO+F+R4      52618.072    560 106356.143   734676.143   108516.586
Model EHO+F+R5 is alias for MIX{ExtEHO:0.720274356,HelEHO:0.976798797,OthEHO:0.783109376}+F+R5
WARNING: Normalizing state frequencies so that sum of them equals to 1
WARNING: Normalizing state frequencies so that sum of them equals to 1
WARNING: Normalizing state frequencies so that sum of them equals to 1
325  EHO+F+R5      52534.301    562 106192.603   739004.603   108360.761
Model EHO+F+R6 is alias for MIX{ExtEHO:0.720274356,HelEHO:0.976798797,OthEHO:0.783109376}+F+R6
WARNING: Normalizing state frequencies so that sum of them equals to 1
WARNING: Normalizing state frequencies so that sum of them equals to 1
WARNING: Normalizing state frequencies so that sum of them equals to 1
326  EHO+F+R6      52496.036    564 106120.072   743440.072   108295.947
Model EHO+F+R7 is alias for MIX{ExtEHO:0.720274356,HelEHO:0.976798797,OthEHO:0.783109376}+F+R7
WARNING: Normalizing state frequencies so that sum of them equals to 1
WARNING: Normalizing state frequencies so that sum of them equals to 1
WARNING: Normalizing state frequencies so that sum of them equals to 1
327  EHO+F+R7      52483.613    566 106099.226   747943.226   108282.816
Model EHO+F+R8 is alias for MIX{ExtEHO:0.720274356,HelEHO:0.976798797,OthEHO:0.783109376}+F+R8
WARNING: Normalizing state frequencies so that sum of them equals to 1
WARNING: Normalizing state frequencies so that sum of them equals to 1
WARNING: Normalizing state frequencies so that sum of them equals to 1
328  EHO+F+R8      52479.723    568 106095.445   752479.445   108286.751
Model EX_EHO+FU is alias for MIX{BUR_EXT:0.761816796788931,BUR_HEL:0.744425646802117,BUR_OTH:0.532457759429489,EXP_EXT:1.5639387472863,EXP_HEL:2.06403411829438,EXP_OTH:1.43336795177594}+FU
WARNING: Normalizing state frequencies so that sum of them equals to 1
WARNING: Normalizing state frequencies so that sum of them equals to 1
WARNING: Normalizing state frequencies so that sum of them equals to 1
331  EX_EHO+FU     58617.021    538 118310.042   698274.042   120385.610
Model EX_EHO+FU+G is alias for MIX{BUR_EXT:0.761816796788931,BUR_HEL:0.744425646802117,BUR_OTH:0.532457759429489,EXP_EXT:1.5639387472863,EXP_HEL:2.06403411829438,EXP_OTH:1.43336795177594}+FU+G
WARNING: Normalizing state frequencies so that sum of them equals to 1
WARNING: Normalizing state frequencies so that sum of them equals to 1
WARNING: Normalizing state frequencies so that sum of them equals to 1
332  EX_EHO+FU+G   56608.840    539 114295.680   696415.680   116375.106
Model EX_EHO+FU+R2 is alias for MIX{BUR_EXT:0.761816796788931,BUR_HEL:0.744425646802117,BUR_OTH:0.532457759429489,EXP_EXT:1.5639387472863,EXP_HEL:2.06403411829438,EXP_OTH:1.43336795177594}+FU+R2
WARNING: Normalizing state frequencies so that sum of them equals to 1
WARNING: Normalizing state frequencies so that sum of them equals to 1
WARNING: Normalizing state frequencies so that sum of them equals to 1
333  EX_EHO+FU+R2  57177.661    540 115435.322   699715.322   117518.606
Model EX_EHO+FU+R3 is alias for MIX{BUR_EXT:0.761816796788931,BUR_HEL:0.744425646802117,BUR_OTH:0.532457759429489,EXP_EXT:1.5639387472863,EXP_HEL:2.06403411829438,EXP_OTH:1.43336795177594}+FU+R3
WARNING: Normalizing state frequencies so that sum of them equals to 1
WARNING: Normalizing state frequencies so that sum of them equals to 1
WARNING: Normalizing state frequencies so that sum of them equals to 1
334  EX_EHO+FU+R3  56753.555    542 114591.111   703203.111   116682.111
Model EX_EHO+FU+R4 is alias for MIX{BUR_EXT:0.761816796788931,BUR_HEL:0.744425646802117,BUR_OTH:0.532457759429489,EXP_EXT:1.5639387472863,EXP_HEL:2.06403411829438,EXP_OTH:1.43336795177594}+FU+R4
WARNING: Normalizing state frequencies so that sum of them equals to 1
WARNING: Normalizing state frequencies so that sum of them equals to 1
WARNING: Normalizing state frequencies so that sum of them equals to 1
335  EX_EHO+FU+R4  56606.274    544 114300.549   707260.549   116399.264
Model EX_EHO+FU+R5 is alias for MIX{BUR_EXT:0.761816796788931,BUR_HEL:0.744425646802117,BUR_OTH:0.532457759429489,EXP_EXT:1.5639387472863,EXP_HEL:2.06403411829438,EXP_OTH:1.43336795177594}+FU+R5
WARNING: Normalizing state frequencies so that sum of them equals to 1
WARNING: Normalizing state frequencies so that sum of them equals to 1
WARNING: Normalizing state frequencies so that sum of them equals to 1
336  EX_EHO+FU+R5  56499.981    546 114091.963   711415.963   116198.394
Model EX_EHO+FU+R6 is alias for MIX{BUR_EXT:0.761816796788931,BUR_HEL:0.744425646802117,BUR_OTH:0.532457759429489,EXP_EXT:1.5639387472863,EXP_HEL:2.06403411829438,EXP_OTH:1.43336795177594}+FU+R6
WARNING: Normalizing state frequencies so that sum of them equals to 1
WARNING: Normalizing state frequencies so that sum of them equals to 1
WARNING: Normalizing state frequencies so that sum of them equals to 1
337  EX_EHO+FU+R6  56456.364    548 114008.728   715712.728   116122.876
Model EX_EHO+FU+R7 is alias for MIX{BUR_EXT:0.761816796788931,BUR_HEL:0.744425646802117,BUR_OTH:0.532457759429489,EXP_EXT:1.5639387472863,EXP_HEL:2.06403411829438,EXP_OTH:1.43336795177594}+FU+R7
WARNING: Normalizing state frequencies so that sum of them equals to 1
WARNING: Normalizing state frequencies so that sum of them equals to 1
WARNING: Normalizing state frequencies so that sum of them equals to 1
338  EX_EHO+FU+R7  56417.521    550 113935.041   720035.041   116056.904
Model EX_EHO+FU+R8 is alias for MIX{BUR_EXT:0.761816796788931,BUR_HEL:0.744425646802117,BUR_OTH:0.532457759429489,EXP_EXT:1.5639387472863,EXP_HEL:2.06403411829438,EXP_OTH:1.43336795177594}+FU+R8
WARNING: Normalizing state frequencies so that sum of them equals to 1
WARNING: Normalizing state frequencies so that sum of them equals to 1
WARNING: Normalizing state frequencies so that sum of them equals to 1
339  EX_EHO+FU+R8  56414.166    552 113932.332   724444.332   116061.911
Model EX_EHO+F is alias for MIX{BUR_EXT:0.761816796788931,BUR_HEL:0.744425646802117,BUR_OTH:0.532457759429489,EXP_EXT:1.5639387472863,EXP_HEL:2.06403411829438,EXP_OTH:1.43336795177594}+F
WARNING: Normalizing state frequencies so that sum of them equals to 1
WARNING: Normalizing state frequencies so that sum of them equals to 1
WARNING: Normalizing state frequencies so that sum of them equals to 1
342  EX_EHO+F      54315.643    557 109745.285   731357.285   111894.154
Model EX_EHO+F+G is alias for MIX{BUR_EXT:0.761816796788931,BUR_HEL:0.744425646802117,BUR_OTH:0.532457759429489,EXP_EXT:1.5639387472863,EXP_HEL:2.06403411829438,EXP_OTH:1.43336795177594}+F+G
WARNING: Normalizing state frequencies so that sum of them equals to 1
WARNING: Normalizing state frequencies so that sum of them equals to 1
WARNING: Normalizing state frequencies so that sum of them equals to 1
343  EX_EHO+F+G    52051.374    558 105218.748   729062.748   107371.475
Model EX_EHO+F+R2 is alias for MIX{BUR_EXT:0.761816796788931,BUR_HEL:0.744425646802117,BUR_OTH:0.532457759429489,EXP_EXT:1.5639387472863,EXP_HEL:2.06403411829438,EXP_OTH:1.43336795177594}+F+R2
WARNING: Normalizing state frequencies so that sum of them equals to 1
WARNING: Normalizing state frequencies so that sum of them equals to 1
WARNING: Normalizing state frequencies so that sum of them equals to 1
344  EX_EHO+F+R2   52650.793    559 106419.585   732499.585   108576.170
Model EX_EHO+F+R3 is alias for MIX{BUR_EXT:0.761816796788931,BUR_HEL:0.744425646802117,BUR_OTH:0.532457759429489,EXP_EXT:1.5639387472863,EXP_HEL:2.06403411829438,EXP_OTH:1.43336795177594}+F+R3
WARNING: Normalizing state frequencies so that sum of them equals to 1
WARNING: Normalizing state frequencies so that sum of them equals to 1
WARNING: Normalizing state frequencies so that sum of them equals to 1
345  EX_EHO+F+R3   52168.493    561 105458.985   736022.985   107623.286
Model EX_EHO+F+R4 is alias for MIX{BUR_EXT:0.761816796788931,BUR_HEL:0.744425646802117,BUR_OTH:0.532457759429489,EXP_EXT:1.5639387472863,EXP_HEL:2.06403411829438,EXP_OTH:1.43336795177594}+F+R4
WARNING: Normalizing state frequencies so that sum of them equals to 1
WARNING: Normalizing state frequencies so that sum of them equals to 1
WARNING: Normalizing state frequencies so that sum of them equals to 1
346  EX_EHO+F+R4   52036.041    563 105198.082   740262.082   107370.099
Model EX_EHO+F+R5 is alias for MIX{BUR_EXT:0.761816796788931,BUR_HEL:0.744425646802117,BUR_OTH:0.532457759429489,EXP_EXT:1.5639387472863,EXP_HEL:2.06403411829438,EXP_OTH:1.43336795177594}+F+R5
WARNING: Normalizing state frequencies so that sum of them equals to 1
WARNING: Normalizing state frequencies so that sum of them equals to 1
WARNING: Normalizing state frequencies so that sum of them equals to 1
347  EX_EHO+F+R5   51941.672    565 105013.344   744593.344   107193.076
Model EX_EHO+F+R6 is alias for MIX{BUR_EXT:0.761816796788931,BUR_HEL:0.744425646802117,BUR_OTH:0.532457759429489,EXP_EXT:1.5639387472863,EXP_HEL:2.06403411829438,EXP_OTH:1.43336795177594}+F+R6
WARNING: Normalizing state frequencies so that sum of them equals to 1
WARNING: Normalizing state frequencies so that sum of them equals to 1
WARNING: Normalizing state frequencies so that sum of them equals to 1
348  EX_EHO+F+R6   51901.351    567 104936.701   749048.701   107124.149
Model EX_EHO+F+R7 is alias for MIX{BUR_EXT:0.761816796788931,BUR_HEL:0.744425646802117,BUR_OTH:0.532457759429489,EXP_EXT:1.5639387472863,EXP_HEL:2.06403411829438,EXP_OTH:1.43336795177594}+F+R7
WARNING: Normalizing state frequencies so that sum of them equals to 1
WARNING: Normalizing state frequencies so that sum of them equals to 1
WARNING: Normalizing state frequencies so that sum of them equals to 1
349  EX_EHO+F+R7   51888.379    569 104914.757   753574.757   107109.921
Model EX_EHO+F+R8 is alias for MIX{BUR_EXT:0.761816796788931,BUR_HEL:0.744425646802117,BUR_OTH:0.532457759429489,EXP_EXT:1.5639387472863,EXP_HEL:2.06403411829438,EXP_OTH:1.43336795177594}+F+R8
WARNING: Normalizing state frequencies so that sum of them equals to 1
WARNING: Normalizing state frequencies so that sum of them equals to 1
WARNING: Normalizing state frequencies so that sum of them equals to 1
350  EX_EHO+F+R8   51880.323    571 104902.645   758126.645   107105.525
Model EX_EHO+F+R9 is alias for MIX{BUR_EXT:0.761816796788931,BUR_HEL:0.744425646802117,BUR_OTH:0.532457759429489,EXP_EXT:1.5639387472863,EXP_HEL:2.06403411829438,EXP_OTH:1.43336795177594}+F+R9
WARNING: Normalizing state frequencies so that sum of them equals to 1
WARNING: Normalizing state frequencies so that sum of them equals to 1
WARNING: Normalizing state frequencies so that sum of them equals to 1
+R9 reinitialized from +R8 with factor 0.500
351  EX_EHO+F+R9   51880.315    573 104906.629   762710.629   107117.225
Akaike Information Criterion:           3DI+R7
Corrected Akaike Information Criterion: 3DI+G4
Bayesian Information Criterion:         3DI+R6
Best-fit model: 3DI+R6 chosen according to BIC

All model information printed to seqs.fasta.model.gz
CPU time for ModelFinder: 15202.826 seconds (4h:13m:22s)
Wall-clock time for ModelFinder: 5321.605 seconds (1h:28m:41s)
Generating 1000 samples for ultrafast bootstrap (seed: 182990)...
Reading model parameters from file 3DI
WARNING: Normalizing state frequencies so that sum of them equals to 1

NOTE: 91 MB RAM (0 GB) is required!
Estimate model parameters (epsilon = 0.100)
1. Initial log-likelihood: -43988.121
2. Current log-likelihood: -43860.048
3. Current log-likelihood: -43832.008
4. Current log-likelihood: -43829.120
5. Current log-likelihood: -43827.529
6. Current log-likelihood: -43778.996
7. Current log-likelihood: -43763.953
8. Current log-likelihood: -43744.799
9. Current log-likelihood: -43741.123
10. Current log-likelihood: -43740.603
11. Current log-likelihood: -43740.495
Optimal log-likelihood: -43740.370
Site proportion and rates:  (0.154,0.055) (0.208,0.280) (0.219,0.630) (0.196,1.219) (0.174,2.188) (0.049,3.566)
Parameters optimization took 11 rounds (15.349 sec)
Wrote distance file to... 
Computing ML distances based on estimated model parameters...
Calculating distance matrix: done in 1.85656 secs using 396% CPU
Computing ML distances took 1.856737 sec (of wall-clock time) 7.351593 sec (of CPU time)
Setting up auxiliary I and S matrices: done in 0.000343084 secs using 351.5% CPU
Computing RapidNJ tree took 0.014625 sec (of wall-clock time) 0.016509 sec (of CPU time)
Log-likelihood of RapidNJ tree: -43945.973
--------------------------------------------------------------------
|             INITIALIZING CANDIDATE TREE SET                      |
--------------------------------------------------------------------
Generating 98 parsimony trees... 5.012 second
Computing log-likelihood of 98 initial trees ... 18.077 seconds
Current best score: -43451.383

Do NNI search on 20 best initial trees
Estimate model parameters (epsilon = 0.100)
BETTER TREE FOUND at iteration 1: -43352.254
Estimate model parameters (epsilon = 0.100)
BETTER TREE FOUND at iteration 2: -43337.462
Estimate model parameters (epsilon = 0.100)
BETTER TREE FOUND at iteration 3: -43297.120
Estimate model parameters (epsilon = 0.100)
BETTER TREE FOUND at iteration 4: -43277.950
Estimate model parameters (epsilon = 0.100)
BETTER TREE FOUND at iteration 8: -43275.594
Iteration 10 / LogL: -43313.698 / Time: 1h:30m:15s
Iteration 20 / LogL: -43341.632 / Time: 1h:30m:48s
Finish initializing candidate tree set (20)
Current best tree score: -43275.594 / CPU time: 107.914
Number of iterations: 20
--------------------------------------------------------------------
|               OPTIMIZING CANDIDATE TREE SET                      |
--------------------------------------------------------------------
Estimate model parameters (epsilon = 0.100)
BETTER TREE FOUND at iteration 22: -43269.696
Estimate model parameters (epsilon = 0.100)
BETTER TREE FOUND at iteration 23: -43251.767
Iteration 30 / LogL: -43257.286 / Time: 1h:31m:40s (0h:9m:32s left)
Estimate model parameters (epsilon = 0.100)
BETTER TREE FOUND at iteration 31: -43235.884
Estimate model parameters (epsilon = 0.100)
BETTER TREE FOUND at iteration 40: -43230.432
Iteration 40 / LogL: -43230.432 / Time: 1h:32m:32s (0h:9m:52s left)
Estimate model parameters (epsilon = 0.100)
BETTER TREE FOUND at iteration 43: -43227.738
Iteration 50 / LogL: -43248.592 / Time: 1h:33m:17s (0h:8m:44s left)
Estimate model parameters (epsilon = 0.100)
BETTER TREE FOUND at iteration 51: -43224.798
Estimate model parameters (epsilon = 0.100)
BETTER TREE FOUND at iteration 52: -43216.221
Iteration 60 / LogL: -43258.722 / Time: 1h:34m:8s (0h:8m:29s left)
Iteration 70 / LogL: -43218.082 / Time: 1h:34m:53s (0h:7m:21s left)
Estimate model parameters (epsilon = 0.100)
BETTER TREE FOUND at iteration 76: -43206.548
Iteration 80 / LogL: -43218.884 / Time: 1h:35m:38s (0h:8m:27s left)
Iteration 90 / LogL: -43208.483 / Time: 1h:36m:22s (0h:7m:25s left)
Iteration 100 / LogL: -43210.417 / Time: 1h:37m:7s (0h:6m:28s left)
Iteration 110 / LogL: -43225.104 / Time: 1h:37m:51s (0h:5m:32s left)
Estimate model parameters (epsilon = 0.100)
BETTER TREE FOUND at iteration 116: -43203.139
Estimate model parameters (epsilon = 0.100)
BETTER TREE FOUND at iteration 118: -43182.513
Iteration 120 / LogL: -43217.283 / Time: 1h:38m:40s (0h:8m:12s left)
Iteration 130 / LogL: -43209.401 / Time: 1h:39m:24s (0h:7m:18s left)
Iteration 140 / LogL: -43189.119 / Time: 1h:40m:7s (0h:6m:24s left)
Iteration 150 / LogL: -43195.123 / Time: 1h:40m:49s (0h:5m:32s left)
Iteration 160 / LogL: -43200.803 / Time: 1h:41m:31s (0h:4m:40s left)
Iteration 170 / LogL: -43212.159 / Time: 1h:42m:15s (0h:3m:51s left)
Estimate model parameters (epsilon = 0.100)
BETTER TREE FOUND at iteration 179: -43156.707
Iteration 180 / LogL: -43194.981 / Time: 1h:43m:3s (0h:7m:56s left)
Iteration 190 / LogL: -43161.918 / Time: 1h:43m:47s (0h:7m:6s left)
Iteration 200 / LogL: -43180.847 / Time: 1h:44m:30s (0h:6m:16s left)
Estimate model parameters (epsilon = 0.100)
BETTER TREE FOUND at iteration 206: -43151.210
Iteration 210 / LogL: -43181.156 / Time: 1h:45m:17s (0h:7m:37s left)
Iteration 220 / LogL: -43159.104 / Time: 1h:46m:1s (0h:6m:48s left)
Iteration 230 / LogL: -43167.336 / Time: 1h:46m:45s (0h:5m:59s left)
Estimate model parameters (epsilon = 0.100)
BETTER TREE FOUND at iteration 240: -43149.691
Iteration 240 / LogL: -43149.691 / Time: 1h:47m:30s (0h:7m:52s left)
Estimate model parameters (epsilon = 0.100)
BETTER TREE FOUND at iteration 242: -43144.726
Iteration 250 / LogL: -43174.484 / Time: 1h:48m:16s (0h:7m:13s left)
Iteration 260 / LogL: -43164.923 / Time: 1h:48m:57s (0h:6m:25s left)
Iteration 270 / LogL: -43173.014 / Time: 1h:49m:39s (0h:5m:36s left)
Iteration 280 / LogL: -43151.458 / Time: 1h:50m:22s (0h:4m:49s left)
Iteration 290 / LogL: -43164.480 / Time: 1h:51m:4s (0h:4m:1s left)
Iteration 300 / LogL: -43156.006 / Time: 1h:51m:45s (0h:3m:14s left)
Iteration 310 / LogL: -43145.613 / Time: 1h:52m:29s (0h:2m:27s left)
Estimate model parameters (epsilon = 0.100)
BETTER TREE FOUND at iteration 320: -43141.477
Iteration 320 / LogL: -43141.477 / Time: 1h:53m:15s (0h:7m:42s left)
Iteration 330 / LogL: -43242.654 / Time: 1h:53m:58s (0h:6m:54s left)
Iteration 340 / LogL: -43152.237 / Time: 1h:54m:40s (0h:6m:7s left)
Iteration 350 / LogL: -43164.536 / Time: 1h:55m:21s (0h:5m:20s left)
Iteration 360 / LogL: -43203.125 / Time: 1h:56m:1s (0h:4m:34s left)
Estimate model parameters (epsilon = 0.100)
BETTER TREE FOUND at iteration 367: -43140.620
Iteration 370 / LogL: -43156.907 / Time: 1h:56m:44s (0h:7m:22s left)
Iteration 380 / LogL: -43157.572 / Time: 1h:57m:24s (0h:6m:35s left)
Estimate model parameters (epsilon = 0.100)
BETTER TREE FOUND at iteration 381: -43138.756
Iteration 390 / LogL: -43143.528 / Time: 1h:58m:8s (0h:6m:53s left)
Estimate model parameters (epsilon = 0.100)
BETTER TREE FOUND at iteration 399: -43133.769
Iteration 400 / LogL: -43165.880 / Time: 1h:58m:52s (0h:7m:29s left)
Iteration 410 / LogL: -43151.554 / Time: 1h:59m:33s (0h:6m:42s left)
Iteration 420 / LogL: -43150.349 / Time: 2h:0m:15s (0h:5m:57s left)
Iteration 430 / LogL: -43161.668 / Time: 2h:0m:56s (0h:5m:11s left)
Estimate model parameters (epsilon = 0.100)
BETTER TREE FOUND at iteration 435: -43132.383
Iteration 440 / LogL: -43153.957 / Time: 2h:1m:39s (0h:7m:8s left)
Iteration 450 / LogL: -43142.327 / Time: 2h:2m:21s (0h:6m:22s left)
Iteration 460 / LogL: -43146.184 / Time: 2h:2m:59s (0h:5m:36s left)
Estimate model parameters (epsilon = 0.100)
BETTER TREE FOUND at iteration 470: -43123.430
Iteration 470 / LogL: -43123.430 / Time: 2h:3m:42s (0h:7m:27s left)
Iteration 480 / LogL: -43157.595 / Time: 2h:4m:23s (0h:6m:42s left)
Iteration 490 / LogL: -43135.016 / Time: 2h:5m:4s (0h:5m:57s left)
Iteration 500 / LogL: -43158.182 / Time: 2h:5m:45s (0h:5m:11s left)
Iteration 510 / LogL: -43139.983 / Time: 2h:6m:26s (0h:4m:27s left)
Iteration 520 / LogL: -43177.987 / Time: 2h:7m:8s (0h:3m:42s left)
Estimate model parameters (epsilon = 0.100)
BETTER TREE FOUND at iteration 524: -43121.245
Iteration 530 / LogL: -43165.354 / Time: 2h:7m:53s (0h:6m:57s left)
Iteration 540 / LogL: -43218.462 / Time: 2h:8m:36s (0h:6m:13s left)
Iteration 550 / LogL: -43159.045 / Time: 2h:9m:17s (0h:5m:28s left)
Iteration 560 / LogL: -43143.001 / Time: 2h:9m:58s (0h:4m:43s left)
Iteration 570 / LogL: -43142.744 / Time: 2h:10m:40s (0h:3m:59s left)
Estimate model parameters (epsilon = 0.100)
BETTER TREE FOUND at iteration 571: -43119.715
Iteration 580 / LogL: -43130.321 / Time: 2h:11m:23s (0h:6m:42s left)
Iteration 590 / LogL: -43132.506 / Time: 2h:12m:5s (0h:5m:58s left)
Iteration 600 / LogL: -43142.975 / Time: 2h:12m:46s (0h:5m:13s left)
Iteration 610 / LogL: -43135.476 / Time: 2h:13m:24s (0h:4m:28s left)
Iteration 620 / LogL: -43263.117 / Time: 2h:14m:4s (0h:3m:44s left)
Iteration 630 / LogL: -43124.065 / Time: 2h:14m:47s (0h:3m:0s left)
Iteration 640 / LogL: -43142.476 / Time: 2h:15m:27s (0h:2m:16s left)
Iteration 650 / LogL: -43142.505 / Time: 2h:16m:7s (0h:1m:32s left)
Iteration 660 / LogL: -43151.701 / Time: 2h:16m:49s (0h:0m:48s left)
Estimate model parameters (epsilon = 0.100)
BETTER TREE FOUND at iteration 667: -43119.519
Iteration 670 / LogL: -43139.906 / Time: 2h:17m:32s (0h:7m:4s left)
Iteration 680 / LogL: -43157.292 / Time: 2h:18m:12s (0h:6m:20s left)
Iteration 690 / LogL: -43129.385 / Time: 2h:18m:53s (0h:5m:36s left)
Iteration 700 / LogL: -43133.484 / Time: 2h:19m:33s (0h:4m:52s left)
Iteration 710 / LogL: -43128.991 / Time: 2h:20m:14s (0h:4m:8s left)
Estimate model parameters (epsilon = 0.100)
BETTER TREE FOUND at iteration 719: -43117.137
Iteration 720 / LogL: -43236.530 / Time: 2h:20m:56s (0h:7m:11s left)
Iteration 730 / LogL: -43149.911 / Time: 2h:21m:35s (0h:6m:27s left)
Iteration 740 / LogL: -43120.157 / Time: 2h:22m:16s (0h:5m:43s left)
Iteration 750 / LogL: -43187.517 / Time: 2h:22m:55s (0h:4m:59s left)
Iteration 760 / LogL: -43126.762 / Time: 2h:23m:35s (0h:4m:16s left)
Iteration 770 / LogL: -43146.432 / Time: 2h:24m:16s (0h:3m:32s left)
Iteration 780 / LogL: -43124.473 / Time: 2h:24m:56s (0h:2m:48s left)
Iteration 790 / LogL: -43182.091 / Time: 2h:25m:38s (0h:2m:5s left)
Iteration 800 / LogL: -43122.155 / Time: 2h:26m:21s (0h:1m:22s left)
Iteration 810 / LogL: -43139.733 / Time: 2h:27m:4s (0h:0m:38s left)
Iteration 820 / LogL: -43138.243 / Time: 2h:27m:43s (0h:0m:-5s left)
Refining ufboot trees with NNI 1 branch...
Reading model parameters from file 3DI
WARNING: Normalizing state frequencies so that sum of them equals to 1
Reading model parameters from file 3DI
WARNING: Normalizing state frequencies so that sum of them equals to 1
Reading model parameters from file 3DI
WARNING: Normalizing state frequencies so that sum of them equals to 1
Reading model parameters from file 3DI
WARNING: Normalizing state frequencies so that sum of them equals to 1
Reading model parameters from file 3DI
WARNING: Normalizing state frequencies so that sum of them equals to 1
Reading model parameters from file 3DI
WARNING: Normalizing state frequencies so that sum of them equals to 1
Reading model parameters from file 3DI
WARNING: Normalizing state frequencies so that sum of them equals to 1
Reading model parameters from file 3DI
WARNING: Normalizing state frequencies so that sum of them equals to 1
Reading model parameters from file 3DI
WARNING: Normalizing state frequencies so that sum of them equals to 1
Reading model parameters from file 3DI
WARNING: Normalizing state frequencies so that sum of them equals to 1
Reading model parameters from file 3DI
WARNING: Normalizing state frequencies so that sum of them equals to 1
Reading model parameters from file 3DI
WARNING: Normalizing state frequencies so that sum of them equals to 1
Reading model parameters from file 3DI
WARNING: Normalizing state frequencies so that sum of them equals to 1
Reading model parameters from file 3DI
WARNING: Normalizing state frequencies so that sum of them equals to 1
Reading model parameters from file 3DI
WARNING: Normalizing state frequencies so that sum of them equals to 1
Reading model parameters from file 3DI
WARNING: Normalizing state frequencies so that sum of them equals to 1
Reading model parameters from file 3DI
WARNING: Normalizing state frequencies so that sum of them equals to 1
Reading model parameters from file 3DI
WARNING: Normalizing state frequencies so that sum of them equals to 1
Reading model parameters from file 3DI
WARNING: Normalizing state frequencies so that sum of them equals to 1
Reading model parameters from file 3DI
WARNING: Normalizing state frequencies so that sum of them equals to 1
Reading model parameters from file 3DI
WARNING: Normalizing state frequencies so that sum of them equals to 1
Reading model parameters from file 3DI
WARNING: Normalizing state frequencies so that sum of them equals to 1
Reading model parameters from file 3DI
WARNING: Normalizing state frequencies so that sum of them equals to 1
Reading model parameters from file 3DI
WARNING: Normalizing state frequencies so that sum of them equals to 1
Reading model parameters from file 3DI
WARNING: Normalizing state frequencies so that sum of them equals to 1
Reading model parameters from file 3DI
WARNING: Normalizing state frequencies so that sum of them equals to 1
Reading model parameters from file 3DI
WARNING: Normalizing state frequencies so that sum of them equals to 1
Reading model parameters from file 3DI
WARNING: Normalizing state frequencies so that sum of them equals to 1
Reading model parameters from file 3DI
WARNING: Normalizing state frequencies so that sum of them equals to 1
Reading model parameters from file 3DI
WARNING: Normalizing state frequencies so that sum of them equals to 1
Reading model parameters from file 3DI
WARNING: Normalizing state frequencies so that sum of them equals to 1
Reading model parameters from file 3DI
WARNING: Normalizing state frequencies so that sum of them equals to 1
Reading model parameters from file 3DI
WARNING: Normalizing state frequencies so that sum of them equals to 1
Reading model parameters from file 3DI
WARNING: Normalizing state frequencies so that sum of them equals to 1
Reading model parameters from file 3DI
WARNING: Normalizing state frequencies so that sum of them equals to 1
Reading model parameters from file 3DI
WARNING: Normalizing state frequencies so that sum of them equals to 1
Reading model parameters from file 3DI
WARNING: Normalizing state frequencies so that sum of them equals to 1
Reading model parameters from file 3DI
WARNING: Normalizing state frequencies so that sum of them equals to 1
Reading model parameters from file 3DI
WARNING: Normalizing state frequencies so that sum of them equals to 1
Reading model parameters from file 3DI
WARNING: Normalizing state frequencies so that sum of them equals to 1
Reading model parameters from file 3DI
WARNING: Normalizing state frequencies so that sum of them equals to 1
Reading model parameters from file 3DI
WARNING: Normalizing state frequencies so that sum of them equals to 1
Reading model parameters from file 3DI
WARNING: Normalizing state frequencies so that sum of them equals to 1
Reading model parameters from file 3DI
WARNING: Normalizing state frequencies so that sum of them equals to 1
Reading model parameters from file 3DI
WARNING: Normalizing state frequencies so that sum of them equals to 1
Reading model parameters from file 3DI
WARNING: Normalizing state frequencies so that sum of them equals to 1
Reading model parameters from file 3DI
WARNING: Normalizing state frequencies so that sum of them equals to 1
Reading model parameters from file 3DI
WARNING: Normalizing state frequencies so that sum of them equals to 1
Reading model parameters from file 3DI
WARNING: Normalizing state frequencies so that sum of them equals to 1
Reading model parameters from file 3DI
WARNING: Normalizing state frequencies so that sum of them equals to 1
Reading model parameters from file 3DI
WARNING: Normalizing state frequencies so that sum of them equals to 1
Reading model parameters from file 3DI
WARNING: Normalizing state frequencies so that sum of them equals to 1
Reading model parameters from file 3DI
WARNING: Normalizing state frequencies so that sum of them equals to 1
Reading model parameters from file 3DI
WARNING: Normalizing state frequencies so that sum of them equals to 1
Reading model parameters from file 3DI
WARNING: Normalizing state frequencies so that sum of them equals to 1
Reading model parameters from file 3DI
WARNING: Normalizing state frequencies so that sum of them equals to 1
Reading model parameters from file 3DI
WARNING: Normalizing state frequencies so that sum of them equals to 1
Reading model parameters from file 3DI
WARNING: Normalizing state frequencies so that sum of them equals to 1
Reading model parameters from file 3DI
WARNING: Normalizing state frequencies so that sum of them equals to 1
Reading model parameters from file 3DI
WARNING: Normalizing state frequencies so that sum of them equals to 1
Reading model parameters from file 3DI
WARNING: Normalizing state frequencies so that sum of them equals to 1
Reading model parameters from file 3DI
WARNING: Normalizing state frequencies so that sum of them equals to 1
Reading model parameters from file 3DI
WARNING: Normalizing state frequencies so that sum of them equals to 1
Reading model parameters from file 3DI
WARNING: Normalizing state frequencies so that sum of them equals to 1
Reading model parameters from file 3DI
WARNING: Normalizing state frequencies so that sum of them equals to 1
Reading model parameters from file 3DI
WARNING: Normalizing state frequencies so that sum of them equals to 1
Reading model parameters from file 3DI
WARNING: Normalizing state frequencies so that sum of them equals to 1
Reading model parameters from file 3DI
WARNING: Normalizing state frequencies so that sum of them equals to 1
Reading model parameters from file 3DI
WARNING: Normalizing state frequencies so that sum of them equals to 1
Reading model parameters from file 3DI
WARNING: Normalizing state frequencies so that sum of them equals to 1
Reading model parameters from file 3DI
WARNING: Normalizing state frequencies so that sum of them equals to 1
Reading model parameters from file 3DI
WARNING: Normalizing state frequencies so that sum of them equals to 1
Reading model parameters from file 3DI
WARNING: Normalizing state frequencies so that sum of them equals to 1
Reading model parameters from file 3DI
WARNING: Normalizing state frequencies so that sum of them equals to 1
Reading model parameters from file 3DI
WARNING: Normalizing state frequencies so that sum of them equals to 1
Reading model parameters from file 3DI
WARNING: Normalizing state frequencies so that sum of them equals to 1
Reading model parameters from file 3DI
WARNING: Normalizing state frequencies so that sum of them equals to 1
Reading model parameters from file 3DI
WARNING: Normalizing state frequencies so that sum of them equals to 1
Reading model parameters from file 3DI
WARNING: Normalizing state frequencies so that sum of them equals to 1
Reading model parameters from file 3DI
WARNING: Normalizing state frequencies so that sum of them equals to 1
Reading model parameters from file 3DI
WARNING: Normalizing state frequencies so that sum of them equals to 1
Reading model parameters from file 3DI
WARNING: Normalizing state frequencies so that sum of them equals to 1
Reading model parameters from file 3DI
WARNING: Normalizing state frequencies so that sum of them equals to 1
Reading model parameters from file 3DI
WARNING: Normalizing state frequencies so that sum of them equals to 1
Reading model parameters from file 3DI
WARNING: Normalizing state frequencies so that sum of them equals to 1
Reading model parameters from file 3DI
WARNING: Normalizing state frequencies so that sum of them equals to 1
Reading model parameters from file 3DI
WARNING: Normalizing state frequencies so that sum of them equals to 1
Reading model parameters from file 3DI
WARNING: Normalizing state frequencies so that sum of them equals to 1
Reading model parameters from file 3DI
WARNING: Normalizing state frequencies so that sum of them equals to 1
Reading model parameters from file 3DI
WARNING: Normalizing state frequencies so that sum of them equals to 1
Reading model parameters from file 3DI
WARNING: Normalizing state frequencies so that sum of them equals to 1
Reading model parameters from file 3DI
WARNING: Normalizing state frequencies so that sum of them equals to 1
Reading model parameters from file 3DI
WARNING: Normalizing state frequencies so that sum of them equals to 1
Reading model parameters from file 3DI
WARNING: Normalizing state frequencies so that sum of them equals to 1
Reading model parameters from file 3DI
WARNING: Normalizing state frequencies so that sum of them equals to 1
Reading model parameters from file 3DI
WARNING: Normalizing state frequencies so that sum of them equals to 1
Reading model parameters from file 3DI
WARNING: Normalizing state frequencies so that sum of them equals to 1
Reading model parameters from file 3DI
WARNING: Normalizing state frequencies so that sum of them equals to 1
Reading model parameters from file 3DI
WARNING: Normalizing state frequencies so that sum of them equals to 1
Reading model parameters from file 3DI
WARNING: Normalizing state frequencies so that sum of them equals to 1
100 samples done
Reading model parameters from file 3DI
WARNING: Normalizing state frequencies so that sum of them equals to 1
Reading model parameters from file 3DI
WARNING: Normalizing state frequencies so that sum of them equals to 1
Reading model parameters from file 3DI
WARNING: Normalizing state frequencies so that sum of them equals to 1
Reading model parameters from file 3DI
WARNING: Normalizing state frequencies so that sum of them equals to 1
Reading model parameters from file 3DI
WARNING: Normalizing state frequencies so that sum of them equals to 1
Reading model parameters from file 3DI
WARNING: Normalizing state frequencies so that sum of them equals to 1
Reading model parameters from file 3DI
WARNING: Normalizing state frequencies so that sum of them equals to 1
Reading model parameters from file 3DI
WARNING: Normalizing state frequencies so that sum of them equals to 1
Reading model parameters from file 3DI
WARNING: Normalizing state frequencies so that sum of them equals to 1
Reading model parameters from file 3DI
WARNING: Normalizing state frequencies so that sum of them equals to 1
Reading model parameters from file 3DI
WARNING: Normalizing state frequencies so that sum of them equals to 1
Reading model parameters from file 3DI
WARNING: Normalizing state frequencies so that sum of them equals to 1
Reading model parameters from file 3DI
WARNING: Normalizing state frequencies so that sum of them equals to 1
Reading model parameters from file 3DI
WARNING: Normalizing state frequencies so that sum of them equals to 1
Reading model parameters from file 3DI
WARNING: Normalizing state frequencies so that sum of them equals to 1
Reading model parameters from file 3DI
WARNING: Normalizing state frequencies so that sum of them equals to 1
Reading model parameters from file 3DI
WARNING: Normalizing state frequencies so that sum of them equals to 1
Reading model parameters from file 3DI
WARNING: Normalizing state frequencies so that sum of them equals to 1
Reading model parameters from file 3DI
WARNING: Normalizing state frequencies so that sum of them equals to 1
Reading model parameters from file 3DI
WARNING: Normalizing state frequencies so that sum of them equals to 1
Reading model parameters from file 3DI
WARNING: Normalizing state frequencies so that sum of them equals to 1
Reading model parameters from file 3DI
WARNING: Normalizing state frequencies so that sum of them equals to 1
Reading model parameters from file 3DI
WARNING: Normalizing state frequencies so that sum of them equals to 1
Reading model parameters from file 3DI
WARNING: Normalizing state frequencies so that sum of them equals to 1
Reading model parameters from file 3DI
WARNING: Normalizing state frequencies so that sum of them equals to 1
Reading model parameters from file 3DI
WARNING: Normalizing state frequencies so that sum of them equals to 1
Reading model parameters from file 3DI
WARNING: Normalizing state frequencies so that sum of them equals to 1
Reading model parameters from file 3DI
WARNING: Normalizing state frequencies so that sum of them equals to 1
Reading model parameters from file 3DI
WARNING: Normalizing state frequencies so that sum of them equals to 1
Reading model parameters from file 3DI
WARNING: Normalizing state frequencies so that sum of them equals to 1
Reading model parameters from file 3DI
WARNING: Normalizing state frequencies so that sum of them equals to 1
Reading model parameters from file 3DI
WARNING: Normalizing state frequencies so that sum of them equals to 1
Reading model parameters from file 3DI
WARNING: Normalizing state frequencies so that sum of them equals to 1
Reading model parameters from file 3DI
WARNING: Normalizing state frequencies so that sum of them equals to 1
Reading model parameters from file 3DI
WARNING: Normalizing state frequencies so that sum of them equals to 1
Reading model parameters from file 3DI
WARNING: Normalizing state frequencies so that sum of them equals to 1
Reading model parameters from file 3DI
WARNING: Normalizing state frequencies so that sum of them equals to 1
Reading model parameters from file 3DI
WARNING: Normalizing state frequencies so that sum of them equals to 1
Reading model parameters from file 3DI
WARNING: Normalizing state frequencies so that sum of them equals to 1
Reading model parameters from file 3DI
WARNING: Normalizing state frequencies so that sum of them equals to 1
Reading model parameters from file 3DI
WARNING: Normalizing state frequencies so that sum of them equals to 1
Reading model parameters from file 3DI
WARNING: Normalizing state frequencies so that sum of them equals to 1
Reading model parameters from file 3DI
WARNING: Normalizing state frequencies so that sum of them equals to 1
Reading model parameters from file 3DI
WARNING: Normalizing state frequencies so that sum of them equals to 1
Reading model parameters from file 3DI
WARNING: Normalizing state frequencies so that sum of them equals to 1
Reading model parameters from file 3DI
WARNING: Normalizing state frequencies so that sum of them equals to 1
Reading model parameters from file 3DI
WARNING: Normalizing state frequencies so that sum of them equals to 1
Reading model parameters from file 3DI
WARNING: Normalizing state frequencies so that sum of them equals to 1
Reading model parameters from file 3DI
WARNING: Normalizing state frequencies so that sum of them equals to 1
Reading model parameters from file 3DI
WARNING: Normalizing state frequencies so that sum of them equals to 1
Reading model parameters from file 3DI
WARNING: Normalizing state frequencies so that sum of them equals to 1
Reading model parameters from file 3DI
WARNING: Normalizing state frequencies so that sum of them equals to 1
Reading model parameters from file 3DI
WARNING: Normalizing state frequencies so that sum of them equals to 1
Reading model parameters from file 3DI
WARNING: Normalizing state frequencies so that sum of them equals to 1
Reading model parameters from file 3DI
WARNING: Normalizing state frequencies so that sum of them equals to 1
Reading model parameters from file 3DI
WARNING: Normalizing state frequencies so that sum of them equals to 1
Reading model parameters from file 3DI
WARNING: Normalizing state frequencies so that sum of them equals to 1
Reading model parameters from file 3DI
WARNING: Normalizing state frequencies so that sum of them equals to 1
Reading model parameters from file 3DI
WARNING: Normalizing state frequencies so that sum of them equals to 1
Reading model parameters from file 3DI
WARNING: Normalizing state frequencies so that sum of them equals to 1
Reading model parameters from file 3DI
WARNING: Normalizing state frequencies so that sum of them equals to 1
Reading model parameters from file 3DI
WARNING: Normalizing state frequencies so that sum of them equals to 1
Reading model parameters from file 3DI
WARNING: Normalizing state frequencies so that sum of them equals to 1
Reading model parameters from file 3DI
WARNING: Normalizing state frequencies so that sum of them equals to 1
Reading model parameters from file 3DI
WARNING: Normalizing state frequencies so that sum of them equals to 1
Reading model parameters from file 3DI
WARNING: Normalizing state frequencies so that sum of them equals to 1
Reading model parameters from file 3DI
WARNING: Normalizing state frequencies so that sum of them equals to 1
Reading model parameters from file 3DI
WARNING: Normalizing state frequencies so that sum of them equals to 1
Reading model parameters from file 3DI
WARNING: Normalizing state frequencies so that sum of them equals to 1
Reading model parameters from file 3DI
WARNING: Normalizing state frequencies so that sum of them equals to 1
Reading model parameters from file 3DI
WARNING: Normalizing state frequencies so that sum of them equals to 1
Reading model parameters from file 3DI
WARNING: Normalizing state frequencies so that sum of them equals to 1
Reading model parameters from file 3DI
WARNING: Normalizing state frequencies so that sum of them equals to 1
Reading model parameters from file 3DI
WARNING: Normalizing state frequencies so that sum of them equals to 1
Reading model parameters from file 3DI
WARNING: Normalizing state frequencies so that sum of them equals to 1
Reading model parameters from file 3DI
WARNING: Normalizing state frequencies so that sum of them equals to 1
Reading model parameters from file 3DI
WARNING: Normalizing state frequencies so that sum of them equals to 1
Reading model parameters from file 3DI
WARNING: Normalizing state frequencies so that sum of them equals to 1
Reading model parameters from file 3DI
WARNING: Normalizing state frequencies so that sum of them equals to 1
Reading model parameters from file 3DI
WARNING: Normalizing state frequencies so that sum of them equals to 1
Reading model parameters from file 3DI
WARNING: Normalizing state frequencies so that sum of them equals to 1
Reading model parameters from file 3DI
WARNING: Normalizing state frequencies so that sum of them equals to 1
Reading model parameters from file 3DI
WARNING: Normalizing state frequencies so that sum of them equals to 1
Reading model parameters from file 3DI
WARNING: Normalizing state frequencies so that sum of them equals to 1
Reading model parameters from file 3DI
WARNING: Normalizing state frequencies so that sum of them equals to 1
Reading model parameters from file 3DI
WARNING: Normalizing state frequencies so that sum of them equals to 1
Reading model parameters from file 3DI
WARNING: Normalizing state frequencies so that sum of them equals to 1
Reading model parameters from file 3DI
WARNING: Normalizing state frequencies so that sum of them equals to 1
Reading model parameters from file 3DI
WARNING: Normalizing state frequencies so that sum of them equals to 1
Reading model parameters from file 3DI
WARNING: Normalizing state frequencies so that sum of them equals to 1
Reading model parameters from file 3DI
WARNING: Normalizing state frequencies so that sum of them equals to 1
Reading model parameters from file 3DI
WARNING: Normalizing state frequencies so that sum of them equals to 1
Reading model parameters from file 3DI
WARNING: Normalizing state frequencies so that sum of them equals to 1
Reading model parameters from file 3DI
WARNING: Normalizing state frequencies so that sum of them equals to 1
Reading model parameters from file 3DI
WARNING: Normalizing state frequencies so that sum of them equals to 1
Reading model parameters from file 3DI
WARNING: Normalizing state frequencies so that sum of them equals to 1
Reading model parameters from file 3DI
WARNING: Normalizing state frequencies so that sum of them equals to 1
Reading model parameters from file 3DI
WARNING: Normalizing state frequencies so that sum of them equals to 1
Reading model parameters from file 3DI
WARNING: Normalizing state frequencies so that sum of them equals to 1
Reading model parameters from file 3DI
WARNING: Normalizing state frequencies so that sum of them equals to 1
200 samples done
Reading model parameters from file 3DI
WARNING: Normalizing state frequencies so that sum of them equals to 1
Reading model parameters from file 3DI
WARNING: Normalizing state frequencies so that sum of them equals to 1
Reading model parameters from file 3DI
WARNING: Normalizing state frequencies so that sum of them equals to 1
Reading model parameters from file 3DI
WARNING: Normalizing state frequencies so that sum of them equals to 1
Reading model parameters from file 3DI
WARNING: Normalizing state frequencies so that sum of them equals to 1
Reading model parameters from file 3DI
WARNING: Normalizing state frequencies so that sum of them equals to 1
Reading model parameters from file 3DI
WARNING: Normalizing state frequencies so that sum of them equals to 1
Reading model parameters from file 3DI
WARNING: Normalizing state frequencies so that sum of them equals to 1
Reading model parameters from file 3DI
WARNING: Normalizing state frequencies so that sum of them equals to 1
Reading model parameters from file 3DI
WARNING: Normalizing state frequencies so that sum of them equals to 1
Reading model parameters from file 3DI
WARNING: Normalizing state frequencies so that sum of them equals to 1
Reading model parameters from file 3DI
WARNING: Normalizing state frequencies so that sum of them equals to 1
Reading model parameters from file 3DI
WARNING: Normalizing state frequencies so that sum of them equals to 1
Reading model parameters from file 3DI
WARNING: Normalizing state frequencies so that sum of them equals to 1
Reading model parameters from file 3DI
WARNING: Normalizing state frequencies so that sum of them equals to 1
Reading model parameters from file 3DI
WARNING: Normalizing state frequencies so that sum of them equals to 1
Reading model parameters from file 3DI
WARNING: Normalizing state frequencies so that sum of them equals to 1
Reading model parameters from file 3DI
WARNING: Normalizing state frequencies so that sum of them equals to 1
Reading model parameters from file 3DI
WARNING: Normalizing state frequencies so that sum of them equals to 1
Reading model parameters from file 3DI
WARNING: Normalizing state frequencies so that sum of them equals to 1
Reading model parameters from file 3DI
WARNING: Normalizing state frequencies so that sum of them equals to 1
Reading model parameters from file 3DI
WARNING: Normalizing state frequencies so that sum of them equals to 1
Reading model parameters from file 3DI
WARNING: Normalizing state frequencies so that sum of them equals to 1
Reading model parameters from file 3DI
WARNING: Normalizing state frequencies so that sum of them equals to 1
Reading model parameters from file 3DI
WARNING: Normalizing state frequencies so that sum of them equals to 1
Reading model parameters from file 3DI
WARNING: Normalizing state frequencies so that sum of them equals to 1
Reading model parameters from file 3DI
WARNING: Normalizing state frequencies so that sum of them equals to 1
Reading model parameters from file 3DI
WARNING: Normalizing state frequencies so that sum of them equals to 1
Reading model parameters from file 3DI
WARNING: Normalizing state frequencies so that sum of them equals to 1
Reading model parameters from file 3DI
WARNING: Normalizing state frequencies so that sum of them equals to 1
Reading model parameters from file 3DI
WARNING: Normalizing state frequencies so that sum of them equals to 1
Reading model parameters from file 3DI
WARNING: Normalizing state frequencies so that sum of them equals to 1
Reading model parameters from file 3DI
WARNING: Normalizing state frequencies so that sum of them equals to 1
Reading model parameters from file 3DI
WARNING: Normalizing state frequencies so that sum of them equals to 1
Reading model parameters from file 3DI
WARNING: Normalizing state frequencies so that sum of them equals to 1
Reading model parameters from file 3DI
WARNING: Normalizing state frequencies so that sum of them equals to 1
Reading model parameters from file 3DI
WARNING: Normalizing state frequencies so that sum of them equals to 1
Reading model parameters from file 3DI
WARNING: Normalizing state frequencies so that sum of them equals to 1
Reading model parameters from file 3DI
WARNING: Normalizing state frequencies so that sum of them equals to 1
Reading model parameters from file 3DI
WARNING: Normalizing state frequencies so that sum of them equals to 1
Reading model parameters from file 3DI
WARNING: Normalizing state frequencies so that sum of them equals to 1
Reading model parameters from file 3DI
WARNING: Normalizing state frequencies so that sum of them equals to 1
Reading model parameters from file 3DI
WARNING: Normalizing state frequencies so that sum of them equals to 1
Reading model parameters from file 3DI
WARNING: Normalizing state frequencies so that sum of them equals to 1
Reading model parameters from file 3DI
WARNING: Normalizing state frequencies so that sum of them equals to 1
Reading model parameters from file 3DI
WARNING: Normalizing state frequencies so that sum of them equals to 1
Reading model parameters from file 3DI
WARNING: Normalizing state frequencies so that sum of them equals to 1
Reading model parameters from file 3DI
WARNING: Normalizing state frequencies so that sum of them equals to 1
Reading model parameters from file 3DI
WARNING: Normalizing state frequencies so that sum of them equals to 1
Reading model parameters from file 3DI
WARNING: Normalizing state frequencies so that sum of them equals to 1
Reading model parameters from file 3DI
WARNING: Normalizing state frequencies so that sum of them equals to 1
Reading model parameters from file 3DI
WARNING: Normalizing state frequencies so that sum of them equals to 1
Reading model parameters from file 3DI
WARNING: Normalizing state frequencies so that sum of them equals to 1
Reading model parameters from file 3DI
WARNING: Normalizing state frequencies so that sum of them equals to 1
Reading model parameters from file 3DI
WARNING: Normalizing state frequencies so that sum of them equals to 1
Reading model parameters from file 3DI
WARNING: Normalizing state frequencies so that sum of them equals to 1
Reading model parameters from file 3DI
WARNING: Normalizing state frequencies so that sum of them equals to 1
Reading model parameters from file 3DI
WARNING: Normalizing state frequencies so that sum of them equals to 1
Reading model parameters from file 3DI
WARNING: Normalizing state frequencies so that sum of them equals to 1
Reading model parameters from file 3DI
WARNING: Normalizing state frequencies so that sum of them equals to 1
Reading model parameters from file 3DI
WARNING: Normalizing state frequencies so that sum of them equals to 1
Reading model parameters from file 3DI
WARNING: Normalizing state frequencies so that sum of them equals to 1
Reading model parameters from file 3DI
WARNING: Normalizing state frequencies so that sum of them equals to 1
Reading model parameters from file 3DI
WARNING: Normalizing state frequencies so that sum of them equals to 1
Reading model parameters from file 3DI
WARNING: Normalizing state frequencies so that sum of them equals to 1
Reading model parameters from file 3DI
WARNING: Normalizing state frequencies so that sum of them equals to 1
Reading model parameters from file 3DI
WARNING: Normalizing state frequencies so that sum of them equals to 1
Reading model parameters from file 3DI
WARNING: Normalizing state frequencies so that sum of them equals to 1
Reading model parameters from file 3DI
WARNING: Normalizing state frequencies so that sum of them equals to 1
Reading model parameters from file 3DI
WARNING: Normalizing state frequencies so that sum of them equals to 1
Reading model parameters from file 3DI
WARNING: Normalizing state frequencies so that sum of them equals to 1
Reading model parameters from file 3DI
WARNING: Normalizing state frequencies so that sum of them equals to 1
Reading model parameters from file 3DI
WARNING: Normalizing state frequencies so that sum of them equals to 1
Reading model parameters from file 3DI
WARNING: Normalizing state frequencies so that sum of them equals to 1
Reading model parameters from file 3DI
WARNING: Normalizing state frequencies so that sum of them equals to 1
Reading model parameters from file 3DI
WARNING: Normalizing state frequencies so that sum of them equals to 1
Reading model parameters from file 3DI
WARNING: Normalizing state frequencies so that sum of them equals to 1
Reading model parameters from file 3DI
WARNING: Normalizing state frequencies so that sum of them equals to 1
Reading model parameters from file 3DI
WARNING: Normalizing state frequencies so that sum of them equals to 1
Reading model parameters from file 3DI
WARNING: Normalizing state frequencies so that sum of them equals to 1
Reading model parameters from file 3DI
WARNING: Normalizing state frequencies so that sum of them equals to 1
Reading model parameters from file 3DI
WARNING: Normalizing state frequencies so that sum of them equals to 1
Reading model parameters from file 3DI
WARNING: Normalizing state frequencies so that sum of them equals to 1
Reading model parameters from file 3DI
WARNING: Normalizing state frequencies so that sum of them equals to 1
Reading model parameters from file 3DI
WARNING: Normalizing state frequencies so that sum of them equals to 1
Reading model parameters from file 3DI
WARNING: Normalizing state frequencies so that sum of them equals to 1
Reading model parameters from file 3DI
WARNING: Normalizing state frequencies so that sum of them equals to 1
Reading model parameters from file 3DI
WARNING: Normalizing state frequencies so that sum of them equals to 1
Reading model parameters from file 3DI
WARNING: Normalizing state frequencies so that sum of them equals to 1
Reading model parameters from file 3DI
WARNING: Normalizing state frequencies so that sum of them equals to 1
Reading model parameters from file 3DI
WARNING: Normalizing state frequencies so that sum of them equals to 1
Reading model parameters from file 3DI
WARNING: Normalizing state frequencies so that sum of them equals to 1
Reading model parameters from file 3DI
WARNING: Normalizing state frequencies so that sum of them equals to 1
Reading model parameters from file 3DI
WARNING: Normalizing state frequencies so that sum of them equals to 1
Reading model parameters from file 3DI
WARNING: Normalizing state frequencies so that sum of them equals to 1
Reading model parameters from file 3DI
WARNING: Normalizing state frequencies so that sum of them equals to 1
Reading model parameters from file 3DI
WARNING: Normalizing state frequencies so that sum of them equals to 1
Reading model parameters from file 3DI
WARNING: Normalizing state frequencies so that sum of them equals to 1
Reading model parameters from file 3DI
WARNING: Normalizing state frequencies so that sum of them equals to 1
Reading model parameters from file 3DI
WARNING: Normalizing state frequencies so that sum of them equals to 1
300 samples done
Reading model parameters from file 3DI
WARNING: Normalizing state frequencies so that sum of them equals to 1
Reading model parameters from file 3DI
WARNING: Normalizing state frequencies so that sum of them equals to 1
Reading model parameters from file 3DI
WARNING: Normalizing state frequencies so that sum of them equals to 1
Reading model parameters from file 3DI
WARNING: Normalizing state frequencies so that sum of them equals to 1
Reading model parameters from file 3DI
WARNING: Normalizing state frequencies so that sum of them equals to 1
Reading model parameters from file 3DI
WARNING: Normalizing state frequencies so that sum of them equals to 1
Reading model parameters from file 3DI
WARNING: Normalizing state frequencies so that sum of them equals to 1
Reading model parameters from file 3DI
WARNING: Normalizing state frequencies so that sum of them equals to 1
Reading model parameters from file 3DI
WARNING: Normalizing state frequencies so that sum of them equals to 1
Reading model parameters from file 3DI
WARNING: Normalizing state frequencies so that sum of them equals to 1
Reading model parameters from file 3DI
WARNING: Normalizing state frequencies so that sum of them equals to 1
Reading model parameters from file 3DI
WARNING: Normalizing state frequencies so that sum of them equals to 1
Reading model parameters from file 3DI
WARNING: Normalizing state frequencies so that sum of them equals to 1
Reading model parameters from file 3DI
WARNING: Normalizing state frequencies so that sum of them equals to 1
Reading model parameters from file 3DI
WARNING: Normalizing state frequencies so that sum of them equals to 1
Reading model parameters from file 3DI
WARNING: Normalizing state frequencies so that sum of them equals to 1
Reading model parameters from file 3DI
WARNING: Normalizing state frequencies so that sum of them equals to 1
Reading model parameters from file 3DI
WARNING: Normalizing state frequencies so that sum of them equals to 1
Reading model parameters from file 3DI
WARNING: Normalizing state frequencies so that sum of them equals to 1
Reading model parameters from file 3DI
WARNING: Normalizing state frequencies so that sum of them equals to 1
Reading model parameters from file 3DI
WARNING: Normalizing state frequencies so that sum of them equals to 1
Reading model parameters from file 3DI
WARNING: Normalizing state frequencies so that sum of them equals to 1
Reading model parameters from file 3DI
WARNING: Normalizing state frequencies so that sum of them equals to 1
Reading model parameters from file 3DI
WARNING: Normalizing state frequencies so that sum of them equals to 1
Reading model parameters from file 3DI
WARNING: Normalizing state frequencies so that sum of them equals to 1
Reading model parameters from file 3DI
WARNING: Normalizing state frequencies so that sum of them equals to 1
Reading model parameters from file 3DI
WARNING: Normalizing state frequencies so that sum of them equals to 1
Reading model parameters from file 3DI
WARNING: Normalizing state frequencies so that sum of them equals to 1
Reading model parameters from file 3DI
WARNING: Normalizing state frequencies so that sum of them equals to 1
Reading model parameters from file 3DI
WARNING: Normalizing state frequencies so that sum of them equals to 1
Reading model parameters from file 3DI
WARNING: Normalizing state frequencies so that sum of them equals to 1
Reading model parameters from file 3DI
WARNING: Normalizing state frequencies so that sum of them equals to 1
Reading model parameters from file 3DI
WARNING: Normalizing state frequencies so that sum of them equals to 1
Reading model parameters from file 3DI
WARNING: Normalizing state frequencies so that sum of them equals to 1
Reading model parameters from file 3DI
WARNING: Normalizing state frequencies so that sum of them equals to 1
Reading model parameters from file 3DI
WARNING: Normalizing state frequencies so that sum of them equals to 1
Reading model parameters from file 3DI
WARNING: Normalizing state frequencies so that sum of them equals to 1
Reading model parameters from file 3DI
WARNING: Normalizing state frequencies so that sum of them equals to 1
Reading model parameters from file 3DI
WARNING: Normalizing state frequencies so that sum of them equals to 1
Reading model parameters from file 3DI
WARNING: Normalizing state frequencies so that sum of them equals to 1
Reading model parameters from file 3DI
WARNING: Normalizing state frequencies so that sum of them equals to 1
Reading model parameters from file 3DI
WARNING: Normalizing state frequencies so that sum of them equals to 1
Reading model parameters from file 3DI
WARNING: Normalizing state frequencies so that sum of them equals to 1
Reading model parameters from file 3DI
WARNING: Normalizing state frequencies so that sum of them equals to 1
Reading model parameters from file 3DI
WARNING: Normalizing state frequencies so that sum of them equals to 1
Reading model parameters from file 3DI
WARNING: Normalizing state frequencies so that sum of them equals to 1
Reading model parameters from file 3DI
WARNING: Normalizing state frequencies so that sum of them equals to 1
Reading model parameters from file 3DI
WARNING: Normalizing state frequencies so that sum of them equals to 1
Reading model parameters from file 3DI
WARNING: Normalizing state frequencies so that sum of them equals to 1
Reading model parameters from file 3DI
WARNING: Normalizing state frequencies so that sum of them equals to 1
Reading model parameters from file 3DI
WARNING: Normalizing state frequencies so that sum of them equals to 1
Reading model parameters from file 3DI
WARNING: Normalizing state frequencies so that sum of them equals to 1
Reading model parameters from file 3DI
WARNING: Normalizing state frequencies so that sum of them equals to 1
Reading model parameters from file 3DI
WARNING: Normalizing state frequencies so that sum of them equals to 1
Reading model parameters from file 3DI
WARNING: Normalizing state frequencies so that sum of them equals to 1
Reading model parameters from file 3DI
WARNING: Normalizing state frequencies so that sum of them equals to 1
Reading model parameters from file 3DI
WARNING: Normalizing state frequencies so that sum of them equals to 1
Reading model parameters from file 3DI
WARNING: Normalizing state frequencies so that sum of them equals to 1
Reading model parameters from file 3DI
WARNING: Normalizing state frequencies so that sum of them equals to 1
Reading model parameters from file 3DI
WARNING: Normalizing state frequencies so that sum of them equals to 1
Reading model parameters from file 3DI
WARNING: Normalizing state frequencies so that sum of them equals to 1
Reading model parameters from file 3DI
WARNING: Normalizing state frequencies so that sum of them equals to 1
Reading model parameters from file 3DI
WARNING: Normalizing state frequencies so that sum of them equals to 1
Reading model parameters from file 3DI
WARNING: Normalizing state frequencies so that sum of them equals to 1
Reading model parameters from file 3DI
WARNING: Normalizing state frequencies so that sum of them equals to 1
Reading model parameters from file 3DI
WARNING: Normalizing state frequencies so that sum of them equals to 1
Reading model parameters from file 3DI
WARNING: Normalizing state frequencies so that sum of them equals to 1
Reading model parameters from file 3DI
WARNING: Normalizing state frequencies so that sum of them equals to 1
Reading model parameters from file 3DI
WARNING: Normalizing state frequencies so that sum of them equals to 1
Reading model parameters from file 3DI
WARNING: Normalizing state frequencies so that sum of them equals to 1
Reading model parameters from file 3DI
WARNING: Normalizing state frequencies so that sum of them equals to 1
Reading model parameters from file 3DI
WARNING: Normalizing state frequencies so that sum of them equals to 1
Reading model parameters from file 3DI
WARNING: Normalizing state frequencies so that sum of them equals to 1
Reading model parameters from file 3DI
WARNING: Normalizing state frequencies so that sum of them equals to 1
Reading model parameters from file 3DI
WARNING: Normalizing state frequencies so that sum of them equals to 1
Reading model parameters from file 3DI
WARNING: Normalizing state frequencies so that sum of them equals to 1
Reading model parameters from file 3DI
WARNING: Normalizing state frequencies so that sum of them equals to 1
Reading model parameters from file 3DI
WARNING: Normalizing state frequencies so that sum of them equals to 1
Reading model parameters from file 3DI
WARNING: Normalizing state frequencies so that sum of them equals to 1
Reading model parameters from file 3DI
WARNING: Normalizing state frequencies so that sum of them equals to 1
Reading model parameters from file 3DI
WARNING: Normalizing state frequencies so that sum of them equals to 1
Reading model parameters from file 3DI
WARNING: Normalizing state frequencies so that sum of them equals to 1
Reading model parameters from file 3DI
WARNING: Normalizing state frequencies so that sum of them equals to 1
Reading model parameters from file 3DI
WARNING: Normalizing state frequencies so that sum of them equals to 1
Reading model parameters from file 3DI
WARNING: Normalizing state frequencies so that sum of them equals to 1
Reading model parameters from file 3DI
WARNING: Normalizing state frequencies so that sum of them equals to 1
Reading model parameters from file 3DI
WARNING: Normalizing state frequencies so that sum of them equals to 1
Reading model parameters from file 3DI
WARNING: Normalizing state frequencies so that sum of them equals to 1
Reading model parameters from file 3DI
WARNING: Normalizing state frequencies so that sum of them equals to 1
Reading model parameters from file 3DI
WARNING: Normalizing state frequencies so that sum of them equals to 1
Reading model parameters from file 3DI
WARNING: Normalizing state frequencies so that sum of them equals to 1
Reading model parameters from file 3DI
WARNING: Normalizing state frequencies so that sum of them equals to 1
Reading model parameters from file 3DI
WARNING: Normalizing state frequencies so that sum of them equals to 1
Reading model parameters from file 3DI
WARNING: Normalizing state frequencies so that sum of them equals to 1
Reading model parameters from file 3DI
WARNING: Normalizing state frequencies so that sum of them equals to 1
Reading model parameters from file 3DI
WARNING: Normalizing state frequencies so that sum of them equals to 1
Reading model parameters from file 3DI
WARNING: Normalizing state frequencies so that sum of them equals to 1
Reading model parameters from file 3DI
WARNING: Normalizing state frequencies so that sum of them equals to 1
Reading model parameters from file 3DI
WARNING: Normalizing state frequencies so that sum of them equals to 1
Reading model parameters from file 3DI
WARNING: Normalizing state frequencies so that sum of them equals to 1
400 samples done
Reading model parameters from file 3DI
WARNING: Normalizing state frequencies so that sum of them equals to 1
Reading model parameters from file 3DI
WARNING: Normalizing state frequencies so that sum of them equals to 1
Reading model parameters from file 3DI
WARNING: Normalizing state frequencies so that sum of them equals to 1
Reading model parameters from file 3DI
WARNING: Normalizing state frequencies so that sum of them equals to 1
Reading model parameters from file 3DI
WARNING: Normalizing state frequencies so that sum of them equals to 1
Reading model parameters from file 3DI
WARNING: Normalizing state frequencies so that sum of them equals to 1
Reading model parameters from file 3DI
WARNING: Normalizing state frequencies so that sum of them equals to 1
Reading model parameters from file 3DI
WARNING: Normalizing state frequencies so that sum of them equals to 1
Reading model parameters from file 3DI
WARNING: Normalizing state frequencies so that sum of them equals to 1
Reading model parameters from file 3DI
WARNING: Normalizing state frequencies so that sum of them equals to 1
Reading model parameters from file 3DI
WARNING: Normalizing state frequencies so that sum of them equals to 1
Reading model parameters from file 3DI
WARNING: Normalizing state frequencies so that sum of them equals to 1
Reading model parameters from file 3DI
WARNING: Normalizing state frequencies so that sum of them equals to 1
Reading model parameters from file 3DI
WARNING: Normalizing state frequencies so that sum of them equals to 1
Reading model parameters from file 3DI
WARNING: Normalizing state frequencies so that sum of them equals to 1
Reading model parameters from file 3DI
WARNING: Normalizing state frequencies so that sum of them equals to 1
Reading model parameters from file 3DI
WARNING: Normalizing state frequencies so that sum of them equals to 1
Reading model parameters from file 3DI
WARNING: Normalizing state frequencies so that sum of them equals to 1
Reading model parameters from file 3DI
WARNING: Normalizing state frequencies so that sum of them equals to 1
Reading model parameters from file 3DI
WARNING: Normalizing state frequencies so that sum of them equals to 1
Reading model parameters from file 3DI
WARNING: Normalizing state frequencies so that sum of them equals to 1
Reading model parameters from file 3DI
WARNING: Normalizing state frequencies so that sum of them equals to 1
Reading model parameters from file 3DI
WARNING: Normalizing state frequencies so that sum of them equals to 1
Reading model parameters from file 3DI
WARNING: Normalizing state frequencies so that sum of them equals to 1
Reading model parameters from file 3DI
WARNING: Normalizing state frequencies so that sum of them equals to 1
Reading model parameters from file 3DI
WARNING: Normalizing state frequencies so that sum of them equals to 1
Reading model parameters from file 3DI
WARNING: Normalizing state frequencies so that sum of them equals to 1
Reading model parameters from file 3DI
WARNING: Normalizing state frequencies so that sum of them equals to 1
Reading model parameters from file 3DI
WARNING: Normalizing state frequencies so that sum of them equals to 1
Reading model parameters from file 3DI
WARNING: Normalizing state frequencies so that sum of them equals to 1
Reading model parameters from file 3DI
WARNING: Normalizing state frequencies so that sum of them equals to 1
Reading model parameters from file 3DI
WARNING: Normalizing state frequencies so that sum of them equals to 1
Reading model parameters from file 3DI
WARNING: Normalizing state frequencies so that sum of them equals to 1
Reading model parameters from file 3DI
WARNING: Normalizing state frequencies so that sum of them equals to 1
Reading model parameters from file 3DI
WARNING: Normalizing state frequencies so that sum of them equals to 1
Reading model parameters from file 3DI
WARNING: Normalizing state frequencies so that sum of them equals to 1
Reading model parameters from file 3DI
WARNING: Normalizing state frequencies so that sum of them equals to 1
Reading model parameters from file 3DI
WARNING: Normalizing state frequencies so that sum of them equals to 1
Reading model parameters from file 3DI
WARNING: Normalizing state frequencies so that sum of them equals to 1
Reading model parameters from file 3DI
WARNING: Normalizing state frequencies so that sum of them equals to 1
Reading model parameters from file 3DI
WARNING: Normalizing state frequencies so that sum of them equals to 1
Reading model parameters from file 3DI
WARNING: Normalizing state frequencies so that sum of them equals to 1
Reading model parameters from file 3DI
WARNING: Normalizing state frequencies so that sum of them equals to 1
Reading model parameters from file 3DI
WARNING: Normalizing state frequencies so that sum of them equals to 1
Reading model parameters from file 3DI
WARNING: Normalizing state frequencies so that sum of them equals to 1
Reading model parameters from file 3DI
WARNING: Normalizing state frequencies so that sum of them equals to 1
Reading model parameters from file 3DI
WARNING: Normalizing state frequencies so that sum of them equals to 1
Reading model parameters from file 3DI
WARNING: Normalizing state frequencies so that sum of them equals to 1
Reading model parameters from file 3DI
WARNING: Normalizing state frequencies so that sum of them equals to 1
Reading model parameters from file 3DI
WARNING: Normalizing state frequencies so that sum of them equals to 1
Reading model parameters from file 3DI
WARNING: Normalizing state frequencies so that sum of them equals to 1
Reading model parameters from file 3DI
WARNING: Normalizing state frequencies so that sum of them equals to 1
Reading model parameters from file 3DI
WARNING: Normalizing state frequencies so that sum of them equals to 1
Reading model parameters from file 3DI
WARNING: Normalizing state frequencies so that sum of them equals to 1
Reading model parameters from file 3DI
WARNING: Normalizing state frequencies so that sum of them equals to 1
Reading model parameters from file 3DI
WARNING: Normalizing state frequencies so that sum of them equals to 1
Reading model parameters from file 3DI
WARNING: Normalizing state frequencies so that sum of them equals to 1
Reading model parameters from file 3DI
WARNING: Normalizing state frequencies so that sum of them equals to 1
Reading model parameters from file 3DI
WARNING: Normalizing state frequencies so that sum of them equals to 1
Reading model parameters from file 3DI
WARNING: Normalizing state frequencies so that sum of them equals to 1
Reading model parameters from file 3DI
WARNING: Normalizing state frequencies so that sum of them equals to 1
Reading model parameters from file 3DI
WARNING: Normalizing state frequencies so that sum of them equals to 1
Reading model parameters from file 3DI
WARNING: Normalizing state frequencies so that sum of them equals to 1
Reading model parameters from file 3DI
WARNING: Normalizing state frequencies so that sum of them equals to 1
Reading model parameters from file 3DI
WARNING: Normalizing state frequencies so that sum of them equals to 1
Reading model parameters from file 3DI
WARNING: Normalizing state frequencies so that sum of them equals to 1
Reading model parameters from file 3DI
WARNING: Normalizing state frequencies so that sum of them equals to 1
Reading model parameters from file 3DI
WARNING: Normalizing state frequencies so that sum of them equals to 1
Reading model parameters from file 3DI
WARNING: Normalizing state frequencies so that sum of them equals to 1
Reading model parameters from file 3DI
WARNING: Normalizing state frequencies so that sum of them equals to 1
Reading model parameters from file 3DI
WARNING: Normalizing state frequencies so that sum of them equals to 1
Reading model parameters from file 3DI
WARNING: Normalizing state frequencies so that sum of them equals to 1
Reading model parameters from file 3DI
WARNING: Normalizing state frequencies so that sum of them equals to 1
Reading model parameters from file 3DI
WARNING: Normalizing state frequencies so that sum of them equals to 1
Reading model parameters from file 3DI
WARNING: Normalizing state frequencies so that sum of them equals to 1
Reading model parameters from file 3DI
WARNING: Normalizing state frequencies so that sum of them equals to 1
Reading model parameters from file 3DI
WARNING: Normalizing state frequencies so that sum of them equals to 1
Reading model parameters from file 3DI
WARNING: Normalizing state frequencies so that sum of them equals to 1
Reading model parameters from file 3DI
WARNING: Normalizing state frequencies so that sum of them equals to 1
Reading model parameters from file 3DI
WARNING: Normalizing state frequencies so that sum of them equals to 1
Reading model parameters from file 3DI
WARNING: Normalizing state frequencies so that sum of them equals to 1
Reading model parameters from file 3DI
WARNING: Normalizing state frequencies so that sum of them equals to 1
Reading model parameters from file 3DI
WARNING: Normalizing state frequencies so that sum of them equals to 1
Reading model parameters from file 3DI
WARNING: Normalizing state frequencies so that sum of them equals to 1
Reading model parameters from file 3DI
WARNING: Normalizing state frequencies so that sum of them equals to 1
Reading model parameters from file 3DI
WARNING: Normalizing state frequencies so that sum of them equals to 1
Reading model parameters from file 3DI
WARNING: Normalizing state frequencies so that sum of them equals to 1
Reading model parameters from file 3DI
WARNING: Normalizing state frequencies so that sum of them equals to 1
Reading model parameters from file 3DI
WARNING: Normalizing state frequencies so that sum of them equals to 1
Reading model parameters from file 3DI
WARNING: Normalizing state frequencies so that sum of them equals to 1
Reading model parameters from file 3DI
WARNING: Normalizing state frequencies so that sum of them equals to 1
Reading model parameters from file 3DI
WARNING: Normalizing state frequencies so that sum of them equals to 1
Reading model parameters from file 3DI
WARNING: Normalizing state frequencies so that sum of them equals to 1
Reading model parameters from file 3DI
WARNING: Normalizing state frequencies so that sum of them equals to 1
Reading model parameters from file 3DI
WARNING: Normalizing state frequencies so that sum of them equals to 1
Reading model parameters from file 3DI
WARNING: Normalizing state frequencies so that sum of them equals to 1
Reading model parameters from file 3DI
WARNING: Normalizing state frequencies so that sum of them equals to 1
Reading model parameters from file 3DI
WARNING: Normalizing state frequencies so that sum of them equals to 1
Reading model parameters from file 3DI
WARNING: Normalizing state frequencies so that sum of them equals to 1
Reading model parameters from file 3DI
WARNING: Normalizing state frequencies so that sum of them equals to 1
500 samples done
Reading model parameters from file 3DI
WARNING: Normalizing state frequencies so that sum of them equals to 1
Reading model parameters from file 3DI
WARNING: Normalizing state frequencies so that sum of them equals to 1
Reading model parameters from file 3DI
WARNING: Normalizing state frequencies so that sum of them equals to 1
Reading model parameters from file 3DI
WARNING: Normalizing state frequencies so that sum of them equals to 1
Reading model parameters from file 3DI
WARNING: Normalizing state frequencies so that sum of them equals to 1
Reading model parameters from file 3DI
WARNING: Normalizing state frequencies so that sum of them equals to 1
Reading model parameters from file 3DI
WARNING: Normalizing state frequencies so that sum of them equals to 1
Reading model parameters from file 3DI
WARNING: Normalizing state frequencies so that sum of them equals to 1
Reading model parameters from file 3DI
WARNING: Normalizing state frequencies so that sum of them equals to 1
Reading model parameters from file 3DI
WARNING: Normalizing state frequencies so that sum of them equals to 1
Reading model parameters from file 3DI
WARNING: Normalizing state frequencies so that sum of them equals to 1
Reading model parameters from file 3DI
WARNING: Normalizing state frequencies so that sum of them equals to 1
Reading model parameters from file 3DI
WARNING: Normalizing state frequencies so that sum of them equals to 1
Reading model parameters from file 3DI
WARNING: Normalizing state frequencies so that sum of them equals to 1
Reading model parameters from file 3DI
WARNING: Normalizing state frequencies so that sum of them equals to 1
Reading model parameters from file 3DI
WARNING: Normalizing state frequencies so that sum of them equals to 1
Reading model parameters from file 3DI
WARNING: Normalizing state frequencies so that sum of them equals to 1
Reading model parameters from file 3DI
WARNING: Normalizing state frequencies so that sum of them equals to 1
Reading model parameters from file 3DI
WARNING: Normalizing state frequencies so that sum of them equals to 1
Reading model parameters from file 3DI
WARNING: Normalizing state frequencies so that sum of them equals to 1
Reading model parameters from file 3DI
WARNING: Normalizing state frequencies so that sum of them equals to 1
Reading model parameters from file 3DI
WARNING: Normalizing state frequencies so that sum of them equals to 1
Reading model parameters from file 3DI
WARNING: Normalizing state frequencies so that sum of them equals to 1
Reading model parameters from file 3DI
WARNING: Normalizing state frequencies so that sum of them equals to 1
Reading model parameters from file 3DI
WARNING: Normalizing state frequencies so that sum of them equals to 1
Reading model parameters from file 3DI
WARNING: Normalizing state frequencies so that sum of them equals to 1
Reading model parameters from file 3DI
WARNING: Normalizing state frequencies so that sum of them equals to 1
Reading model parameters from file 3DI
WARNING: Normalizing state frequencies so that sum of them equals to 1
Reading model parameters from file 3DI
WARNING: Normalizing state frequencies so that sum of them equals to 1
Reading model parameters from file 3DI
WARNING: Normalizing state frequencies so that sum of them equals to 1
Reading model parameters from file 3DI
WARNING: Normalizing state frequencies so that sum of them equals to 1
Reading model parameters from file 3DI
WARNING: Normalizing state frequencies so that sum of them equals to 1
Reading model parameters from file 3DI
WARNING: Normalizing state frequencies so that sum of them equals to 1
Reading model parameters from file 3DI
WARNING: Normalizing state frequencies so that sum of them equals to 1
Reading model parameters from file 3DI
WARNING: Normalizing state frequencies so that sum of them equals to 1
Reading model parameters from file 3DI
WARNING: Normalizing state frequencies so that sum of them equals to 1
Reading model parameters from file 3DI
WARNING: Normalizing state frequencies so that sum of them equals to 1
Reading model parameters from file 3DI
WARNING: Normalizing state frequencies so that sum of them equals to 1
Reading model parameters from file 3DI
WARNING: Normalizing state frequencies so that sum of them equals to 1
Reading model parameters from file 3DI
WARNING: Normalizing state frequencies so that sum of them equals to 1
Reading model parameters from file 3DI
WARNING: Normalizing state frequencies so that sum of them equals to 1
Reading model parameters from file 3DI
WARNING: Normalizing state frequencies so that sum of them equals to 1
Reading model parameters from file 3DI
WARNING: Normalizing state frequencies so that sum of them equals to 1
Reading model parameters from file 3DI
WARNING: Normalizing state frequencies so that sum of them equals to 1
Reading model parameters from file 3DI
WARNING: Normalizing state frequencies so that sum of them equals to 1
Reading model parameters from file 3DI
WARNING: Normalizing state frequencies so that sum of them equals to 1
Reading model parameters from file 3DI
WARNING: Normalizing state frequencies so that sum of them equals to 1
Reading model parameters from file 3DI
WARNING: Normalizing state frequencies so that sum of them equals to 1
Reading model parameters from file 3DI
WARNING: Normalizing state frequencies so that sum of them equals to 1
Reading model parameters from file 3DI
WARNING: Normalizing state frequencies so that sum of them equals to 1
Reading model parameters from file 3DI
WARNING: Normalizing state frequencies so that sum of them equals to 1
Reading model parameters from file 3DI
WARNING: Normalizing state frequencies so that sum of them equals to 1
Reading model parameters from file 3DI
WARNING: Normalizing state frequencies so that sum of them equals to 1
Reading model parameters from file 3DI
WARNING: Normalizing state frequencies so that sum of them equals to 1
Reading model parameters from file 3DI
WARNING: Normalizing state frequencies so that sum of them equals to 1
Reading model parameters from file 3DI
WARNING: Normalizing state frequencies so that sum of them equals to 1
Reading model parameters from file 3DI
WARNING: Normalizing state frequencies so that sum of them equals to 1
Reading model parameters from file 3DI
WARNING: Normalizing state frequencies so that sum of them equals to 1
Reading model parameters from file 3DI
WARNING: Normalizing state frequencies so that sum of them equals to 1
Reading model parameters from file 3DI
WARNING: Normalizing state frequencies so that sum of them equals to 1
Reading model parameters from file 3DI
WARNING: Normalizing state frequencies so that sum of them equals to 1
Reading model parameters from file 3DI
WARNING: Normalizing state frequencies so that sum of them equals to 1
Reading model parameters from file 3DI
WARNING: Normalizing state frequencies so that sum of them equals to 1
Reading model parameters from file 3DI
WARNING: Normalizing state frequencies so that sum of them equals to 1
Reading model parameters from file 3DI
WARNING: Normalizing state frequencies so that sum of them equals to 1
Reading model parameters from file 3DI
WARNING: Normalizing state frequencies so that sum of them equals to 1
Reading model parameters from file 3DI
WARNING: Normalizing state frequencies so that sum of them equals to 1
Reading model parameters from file 3DI
WARNING: Normalizing state frequencies so that sum of them equals to 1
Reading model parameters from file 3DI
WARNING: Normalizing state frequencies so that sum of them equals to 1
Reading model parameters from file 3DI
WARNING: Normalizing state frequencies so that sum of them equals to 1
Reading model parameters from file 3DI
WARNING: Normalizing state frequencies so that sum of them equals to 1
Reading model parameters from file 3DI
WARNING: Normalizing state frequencies so that sum of them equals to 1
Reading model parameters from file 3DI
WARNING: Normalizing state frequencies so that sum of them equals to 1
Reading model parameters from file 3DI
WARNING: Normalizing state frequencies so that sum of them equals to 1
Reading model parameters from file 3DI
WARNING: Normalizing state frequencies so that sum of them equals to 1
Reading model parameters from file 3DI
WARNING: Normalizing state frequencies so that sum of them equals to 1
Reading model parameters from file 3DI
WARNING: Normalizing state frequencies so that sum of them equals to 1
Reading model parameters from file 3DI
WARNING: Normalizing state frequencies so that sum of them equals to 1
Reading model parameters from file 3DI
WARNING: Normalizing state frequencies so that sum of them equals to 1
Reading model parameters from file 3DI
WARNING: Normalizing state frequencies so that sum of them equals to 1
Reading model parameters from file 3DI
WARNING: Normalizing state frequencies so that sum of them equals to 1
Reading model parameters from file 3DI
WARNING: Normalizing state frequencies so that sum of them equals to 1
Reading model parameters from file 3DI
WARNING: Normalizing state frequencies so that sum of them equals to 1
Reading model parameters from file 3DI
WARNING: Normalizing state frequencies so that sum of them equals to 1
Reading model parameters from file 3DI
WARNING: Normalizing state frequencies so that sum of them equals to 1
Reading model parameters from file 3DI
WARNING: Normalizing state frequencies so that sum of them equals to 1
Reading model parameters from file 3DI
WARNING: Normalizing state frequencies so that sum of them equals to 1
Reading model parameters from file 3DI
WARNING: Normalizing state frequencies so that sum of them equals to 1
Reading model parameters from file 3DI
WARNING: Normalizing state frequencies so that sum of them equals to 1
Reading model parameters from file 3DI
WARNING: Normalizing state frequencies so that sum of them equals to 1
Reading model parameters from file 3DI
WARNING: Normalizing state frequencies so that sum of them equals to 1
Reading model parameters from file 3DI
WARNING: Normalizing state frequencies so that sum of them equals to 1
Reading model parameters from file 3DI
WARNING: Normalizing state frequencies so that sum of them equals to 1
Reading model parameters from file 3DI
WARNING: Normalizing state frequencies so that sum of them equals to 1
Reading model parameters from file 3DI
WARNING: Normalizing state frequencies so that sum of them equals to 1
Reading model parameters from file 3DI
WARNING: Normalizing state frequencies so that sum of them equals to 1
Reading model parameters from file 3DI
WARNING: Normalizing state frequencies so that sum of them equals to 1
Reading model parameters from file 3DI
WARNING: Normalizing state frequencies so that sum of them equals to 1
Reading model parameters from file 3DI
WARNING: Normalizing state frequencies so that sum of them equals to 1
Reading model parameters from file 3DI
WARNING: Normalizing state frequencies so that sum of them equals to 1
600 samples done
Reading model parameters from file 3DI
WARNING: Normalizing state frequencies so that sum of them equals to 1
Reading model parameters from file 3DI
WARNING: Normalizing state frequencies so that sum of them equals to 1
Reading model parameters from file 3DI
WARNING: Normalizing state frequencies so that sum of them equals to 1
Reading model parameters from file 3DI
WARNING: Normalizing state frequencies so that sum of them equals to 1
Reading model parameters from file 3DI
WARNING: Normalizing state frequencies so that sum of them equals to 1
Reading model parameters from file 3DI
WARNING: Normalizing state frequencies so that sum of them equals to 1
Reading model parameters from file 3DI
WARNING: Normalizing state frequencies so that sum of them equals to 1
Reading model parameters from file 3DI
WARNING: Normalizing state frequencies so that sum of them equals to 1
Reading model parameters from file 3DI
WARNING: Normalizing state frequencies so that sum of them equals to 1
Reading model parameters from file 3DI
WARNING: Normalizing state frequencies so that sum of them equals to 1
Reading model parameters from file 3DI
WARNING: Normalizing state frequencies so that sum of them equals to 1
Reading model parameters from file 3DI
WARNING: Normalizing state frequencies so that sum of them equals to 1
Reading model parameters from file 3DI
WARNING: Normalizing state frequencies so that sum of them equals to 1
Reading model parameters from file 3DI
WARNING: Normalizing state frequencies so that sum of them equals to 1
Reading model parameters from file 3DI
WARNING: Normalizing state frequencies so that sum of them equals to 1
Reading model parameters from file 3DI
WARNING: Normalizing state frequencies so that sum of them equals to 1
Reading model parameters from file 3DI
WARNING: Normalizing state frequencies so that sum of them equals to 1
Reading model parameters from file 3DI
WARNING: Normalizing state frequencies so that sum of them equals to 1
Reading model parameters from file 3DI
WARNING: Normalizing state frequencies so that sum of them equals to 1
Reading model parameters from file 3DI
WARNING: Normalizing state frequencies so that sum of them equals to 1
Reading model parameters from file 3DI
WARNING: Normalizing state frequencies so that sum of them equals to 1
Reading model parameters from file 3DI
WARNING: Normalizing state frequencies so that sum of them equals to 1
Reading model parameters from file 3DI
WARNING: Normalizing state frequencies so that sum of them equals to 1
Reading model parameters from file 3DI
WARNING: Normalizing state frequencies so that sum of them equals to 1
Reading model parameters from file 3DI
WARNING: Normalizing state frequencies so that sum of them equals to 1
Reading model parameters from file 3DI
WARNING: Normalizing state frequencies so that sum of them equals to 1
Reading model parameters from file 3DI
WARNING: Normalizing state frequencies so that sum of them equals to 1
Reading model parameters from file 3DI
WARNING: Normalizing state frequencies so that sum of them equals to 1
Reading model parameters from file 3DI
WARNING: Normalizing state frequencies so that sum of them equals to 1
Reading model parameters from file 3DI
WARNING: Normalizing state frequencies so that sum of them equals to 1
Reading model parameters from file 3DI
WARNING: Normalizing state frequencies so that sum of them equals to 1
Reading model parameters from file 3DI
WARNING: Normalizing state frequencies so that sum of them equals to 1
Reading model parameters from file 3DI
WARNING: Normalizing state frequencies so that sum of them equals to 1
Reading model parameters from file 3DI
WARNING: Normalizing state frequencies so that sum of them equals to 1
Reading model parameters from file 3DI
WARNING: Normalizing state frequencies so that sum of them equals to 1
Reading model parameters from file 3DI
WARNING: Normalizing state frequencies so that sum of them equals to 1
Reading model parameters from file 3DI
WARNING: Normalizing state frequencies so that sum of them equals to 1
Reading model parameters from file 3DI
WARNING: Normalizing state frequencies so that sum of them equals to 1
Reading model parameters from file 3DI
WARNING: Normalizing state frequencies so that sum of them equals to 1
Reading model parameters from file 3DI
WARNING: Normalizing state frequencies so that sum of them equals to 1
Reading model parameters from file 3DI
WARNING: Normalizing state frequencies so that sum of them equals to 1
Reading model parameters from file 3DI
WARNING: Normalizing state frequencies so that sum of them equals to 1
Reading model parameters from file 3DI
WARNING: Normalizing state frequencies so that sum of them equals to 1
Reading model parameters from file 3DI
WARNING: Normalizing state frequencies so that sum of them equals to 1
Reading model parameters from file 3DI
WARNING: Normalizing state frequencies so that sum of them equals to 1
Reading model parameters from file 3DI
WARNING: Normalizing state frequencies so that sum of them equals to 1
Reading model parameters from file 3DI
WARNING: Normalizing state frequencies so that sum of them equals to 1
Reading model parameters from file 3DI
WARNING: Normalizing state frequencies so that sum of them equals to 1
Reading model parameters from file 3DI
WARNING: Normalizing state frequencies so that sum of them equals to 1
Reading model parameters from file 3DI
WARNING: Normalizing state frequencies so that sum of them equals to 1
Reading model parameters from file 3DI
WARNING: Normalizing state frequencies so that sum of them equals to 1
Reading model parameters from file 3DI
WARNING: Normalizing state frequencies so that sum of them equals to 1
Reading model parameters from file 3DI
WARNING: Normalizing state frequencies so that sum of them equals to 1
Reading model parameters from file 3DI
WARNING: Normalizing state frequencies so that sum of them equals to 1
Reading model parameters from file 3DI
WARNING: Normalizing state frequencies so that sum of them equals to 1
Reading model parameters from file 3DI
WARNING: Normalizing state frequencies so that sum of them equals to 1
Reading model parameters from file 3DI
WARNING: Normalizing state frequencies so that sum of them equals to 1
Reading model parameters from file 3DI
WARNING: Normalizing state frequencies so that sum of them equals to 1
Reading model parameters from file 3DI
WARNING: Normalizing state frequencies so that sum of them equals to 1
Reading model parameters from file 3DI
WARNING: Normalizing state frequencies so that sum of them equals to 1
Reading model parameters from file 3DI
WARNING: Normalizing state frequencies so that sum of them equals to 1
Reading model parameters from file 3DI
WARNING: Normalizing state frequencies so that sum of them equals to 1
Reading model parameters from file 3DI
WARNING: Normalizing state frequencies so that sum of them equals to 1
Reading model parameters from file 3DI
WARNING: Normalizing state frequencies so that sum of them equals to 1
Reading model parameters from file 3DI
WARNING: Normalizing state frequencies so that sum of them equals to 1
Reading model parameters from file 3DI
WARNING: Normalizing state frequencies so that sum of them equals to 1
Reading model parameters from file 3DI
WARNING: Normalizing state frequencies so that sum of them equals to 1
Reading model parameters from file 3DI
WARNING: Normalizing state frequencies so that sum of them equals to 1
Reading model parameters from file 3DI
WARNING: Normalizing state frequencies so that sum of them equals to 1
Reading model parameters from file 3DI
WARNING: Normalizing state frequencies so that sum of them equals to 1
Reading model parameters from file 3DI
WARNING: Normalizing state frequencies so that sum of them equals to 1
Reading model parameters from file 3DI
WARNING: Normalizing state frequencies so that sum of them equals to 1
Reading model parameters from file 3DI
WARNING: Normalizing state frequencies so that sum of them equals to 1
Reading model parameters from file 3DI
WARNING: Normalizing state frequencies so that sum of them equals to 1
Reading model parameters from file 3DI
WARNING: Normalizing state frequencies so that sum of them equals to 1
Reading model parameters from file 3DI
WARNING: Normalizing state frequencies so that sum of them equals to 1
Reading model parameters from file 3DI
WARNING: Normalizing state frequencies so that sum of them equals to 1
Reading model parameters from file 3DI
WARNING: Normalizing state frequencies so that sum of them equals to 1
Reading model parameters from file 3DI
WARNING: Normalizing state frequencies so that sum of them equals to 1
Reading model parameters from file 3DI
WARNING: Normalizing state frequencies so that sum of them equals to 1
Reading model parameters from file 3DI
WARNING: Normalizing state frequencies so that sum of them equals to 1
Reading model parameters from file 3DI
WARNING: Normalizing state frequencies so that sum of them equals to 1
Reading model parameters from file 3DI
WARNING: Normalizing state frequencies so that sum of them equals to 1
Reading model parameters from file 3DI
WARNING: Normalizing state frequencies so that sum of them equals to 1
Reading model parameters from file 3DI
WARNING: Normalizing state frequencies so that sum of them equals to 1
Reading model parameters from file 3DI
WARNING: Normalizing state frequencies so that sum of them equals to 1
Reading model parameters from file 3DI
WARNING: Normalizing state frequencies so that sum of them equals to 1
Reading model parameters from file 3DI
WARNING: Normalizing state frequencies so that sum of them equals to 1
Reading model parameters from file 3DI
WARNING: Normalizing state frequencies so that sum of them equals to 1
Reading model parameters from file 3DI
WARNING: Normalizing state frequencies so that sum of them equals to 1
Reading model parameters from file 3DI
WARNING: Normalizing state frequencies so that sum of them equals to 1
Reading model parameters from file 3DI
WARNING: Normalizing state frequencies so that sum of them equals to 1
Reading model parameters from file 3DI
WARNING: Normalizing state frequencies so that sum of them equals to 1
Reading model parameters from file 3DI
WARNING: Normalizing state frequencies so that sum of them equals to 1
Reading model parameters from file 3DI
WARNING: Normalizing state frequencies so that sum of them equals to 1
Reading model parameters from file 3DI
WARNING: Normalizing state frequencies so that sum of them equals to 1
Reading model parameters from file 3DI
WARNING: Normalizing state frequencies so that sum of them equals to 1
Reading model parameters from file 3DI
WARNING: Normalizing state frequencies so that sum of them equals to 1
Reading model parameters from file 3DI
WARNING: Normalizing state frequencies so that sum of them equals to 1
Reading model parameters from file 3DI
WARNING: Normalizing state frequencies so that sum of them equals to 1
700 samples done
Reading model parameters from file 3DI
WARNING: Normalizing state frequencies so that sum of them equals to 1
Reading model parameters from file 3DI
WARNING: Normalizing state frequencies so that sum of them equals to 1
Reading model parameters from file 3DI
WARNING: Normalizing state frequencies so that sum of them equals to 1
Reading model parameters from file 3DI
WARNING: Normalizing state frequencies so that sum of them equals to 1
Reading model parameters from file 3DI
WARNING: Normalizing state frequencies so that sum of them equals to 1
Reading model parameters from file 3DI
WARNING: Normalizing state frequencies so that sum of them equals to 1
Reading model parameters from file 3DI
WARNING: Normalizing state frequencies so that sum of them equals to 1
Reading model parameters from file 3DI
WARNING: Normalizing state frequencies so that sum of them equals to 1
Reading model parameters from file 3DI
WARNING: Normalizing state frequencies so that sum of them equals to 1
Reading model parameters from file 3DI
WARNING: Normalizing state frequencies so that sum of them equals to 1
Reading model parameters from file 3DI
WARNING: Normalizing state frequencies so that sum of them equals to 1
Reading model parameters from file 3DI
WARNING: Normalizing state frequencies so that sum of them equals to 1
Reading model parameters from file 3DI
WARNING: Normalizing state frequencies so that sum of them equals to 1
Reading model parameters from file 3DI
WARNING: Normalizing state frequencies so that sum of them equals to 1
Reading model parameters from file 3DI
WARNING: Normalizing state frequencies so that sum of them equals to 1
Reading model parameters from file 3DI
WARNING: Normalizing state frequencies so that sum of them equals to 1
Reading model parameters from file 3DI
WARNING: Normalizing state frequencies so that sum of them equals to 1
Reading model parameters from file 3DI
WARNING: Normalizing state frequencies so that sum of them equals to 1
Reading model parameters from file 3DI
WARNING: Normalizing state frequencies so that sum of them equals to 1
Reading model parameters from file 3DI
WARNING: Normalizing state frequencies so that sum of them equals to 1
Reading model parameters from file 3DI
WARNING: Normalizing state frequencies so that sum of them equals to 1
Reading model parameters from file 3DI
WARNING: Normalizing state frequencies so that sum of them equals to 1
Reading model parameters from file 3DI
WARNING: Normalizing state frequencies so that sum of them equals to 1
Reading model parameters from file 3DI
WARNING: Normalizing state frequencies so that sum of them equals to 1
Reading model parameters from file 3DI
WARNING: Normalizing state frequencies so that sum of them equals to 1
Reading model parameters from file 3DI
WARNING: Normalizing state frequencies so that sum of them equals to 1
Reading model parameters from file 3DI
WARNING: Normalizing state frequencies so that sum of them equals to 1
Reading model parameters from file 3DI
WARNING: Normalizing state frequencies so that sum of them equals to 1
Reading model parameters from file 3DI
WARNING: Normalizing state frequencies so that sum of them equals to 1
Reading model parameters from file 3DI
WARNING: Normalizing state frequencies so that sum of them equals to 1
Reading model parameters from file 3DI
WARNING: Normalizing state frequencies so that sum of them equals to 1
Reading model parameters from file 3DI
WARNING: Normalizing state frequencies so that sum of them equals to 1
Reading model parameters from file 3DI
WARNING: Normalizing state frequencies so that sum of them equals to 1
Reading model parameters from file 3DI
WARNING: Normalizing state frequencies so that sum of them equals to 1
Reading model parameters from file 3DI
WARNING: Normalizing state frequencies so that sum of them equals to 1
Reading model parameters from file 3DI
WARNING: Normalizing state frequencies so that sum of them equals to 1
Reading model parameters from file 3DI
WARNING: Normalizing state frequencies so that sum of them equals to 1
Reading model parameters from file 3DI
WARNING: Normalizing state frequencies so that sum of them equals to 1
Reading model parameters from file 3DI
WARNING: Normalizing state frequencies so that sum of them equals to 1
Reading model parameters from file 3DI
WARNING: Normalizing state frequencies so that sum of them equals to 1
Reading model parameters from file 3DI
WARNING: Normalizing state frequencies so that sum of them equals to 1
Reading model parameters from file 3DI
WARNING: Normalizing state frequencies so that sum of them equals to 1
Reading model parameters from file 3DI
WARNING: Normalizing state frequencies so that sum of them equals to 1
Reading model parameters from file 3DI
WARNING: Normalizing state frequencies so that sum of them equals to 1
Reading model parameters from file 3DI
WARNING: Normalizing state frequencies so that sum of them equals to 1
Reading model parameters from file 3DI
WARNING: Normalizing state frequencies so that sum of them equals to 1
Reading model parameters from file 3DI
WARNING: Normalizing state frequencies so that sum of them equals to 1
Reading model parameters from file 3DI
WARNING: Normalizing state frequencies so that sum of them equals to 1
Reading model parameters from file 3DI
WARNING: Normalizing state frequencies so that sum of them equals to 1
Reading model parameters from file 3DI
WARNING: Normalizing state frequencies so that sum of them equals to 1
Reading model parameters from file 3DI
WARNING: Normalizing state frequencies so that sum of them equals to 1
Reading model parameters from file 3DI
WARNING: Normalizing state frequencies so that sum of them equals to 1
Reading model parameters from file 3DI
WARNING: Normalizing state frequencies so that sum of them equals to 1
Reading model parameters from file 3DI
WARNING: Normalizing state frequencies so that sum of them equals to 1
Reading model parameters from file 3DI
WARNING: Normalizing state frequencies so that sum of them equals to 1
Reading model parameters from file 3DI
WARNING: Normalizing state frequencies so that sum of them equals to 1
Reading model parameters from file 3DI
WARNING: Normalizing state frequencies so that sum of them equals to 1
Reading model parameters from file 3DI
WARNING: Normalizing state frequencies so that sum of them equals to 1
Reading model parameters from file 3DI
WARNING: Normalizing state frequencies so that sum of them equals to 1
Reading model parameters from file 3DI
WARNING: Normalizing state frequencies so that sum of them equals to 1
Reading model parameters from file 3DI
WARNING: Normalizing state frequencies so that sum of them equals to 1
Reading model parameters from file 3DI
WARNING: Normalizing state frequencies so that sum of them equals to 1
Reading model parameters from file 3DI
WARNING: Normalizing state frequencies so that sum of them equals to 1
Reading model parameters from file 3DI
WARNING: Normalizing state frequencies so that sum of them equals to 1
Reading model parameters from file 3DI
WARNING: Normalizing state frequencies so that sum of them equals to 1
Reading model parameters from file 3DI
WARNING: Normalizing state frequencies so that sum of them equals to 1
Reading model parameters from file 3DI
WARNING: Normalizing state frequencies so that sum of them equals to 1
Reading model parameters from file 3DI
WARNING: Normalizing state frequencies so that sum of them equals to 1
Reading model parameters from file 3DI
WARNING: Normalizing state frequencies so that sum of them equals to 1
Reading model parameters from file 3DI
WARNING: Normalizing state frequencies so that sum of them equals to 1
Reading model parameters from file 3DI
WARNING: Normalizing state frequencies so that sum of them equals to 1
Reading model parameters from file 3DI
WARNING: Normalizing state frequencies so that sum of them equals to 1
Reading model parameters from file 3DI
WARNING: Normalizing state frequencies so that sum of them equals to 1
Reading model parameters from file 3DI
WARNING: Normalizing state frequencies so that sum of them equals to 1
Reading model parameters from file 3DI
WARNING: Normalizing state frequencies so that sum of them equals to 1
Reading model parameters from file 3DI
WARNING: Normalizing state frequencies so that sum of them equals to 1
Reading model parameters from file 3DI
WARNING: Normalizing state frequencies so that sum of them equals to 1
Reading model parameters from file 3DI
WARNING: Normalizing state frequencies so that sum of them equals to 1
Reading model parameters from file 3DI
WARNING: Normalizing state frequencies so that sum of them equals to 1
Reading model parameters from file 3DI
WARNING: Normalizing state frequencies so that sum of them equals to 1
Reading model parameters from file 3DI
WARNING: Normalizing state frequencies so that sum of them equals to 1
Reading model parameters from file 3DI
WARNING: Normalizing state frequencies so that sum of them equals to 1
Reading model parameters from file 3DI
WARNING: Normalizing state frequencies so that sum of them equals to 1
Reading model parameters from file 3DI
WARNING: Normalizing state frequencies so that sum of them equals to 1
Reading model parameters from file 3DI
WARNING: Normalizing state frequencies so that sum of them equals to 1
Reading model parameters from file 3DI
WARNING: Normalizing state frequencies so that sum of them equals to 1
Reading model parameters from file 3DI
WARNING: Normalizing state frequencies so that sum of them equals to 1
Reading model parameters from file 3DI
WARNING: Normalizing state frequencies so that sum of them equals to 1
Reading model parameters from file 3DI
WARNING: Normalizing state frequencies so that sum of them equals to 1
Reading model parameters from file 3DI
WARNING: Normalizing state frequencies so that sum of them equals to 1
Reading model parameters from file 3DI
WARNING: Normalizing state frequencies so that sum of them equals to 1
Reading model parameters from file 3DI
WARNING: Normalizing state frequencies so that sum of them equals to 1
Reading model parameters from file 3DI
WARNING: Normalizing state frequencies so that sum of them equals to 1
Reading model parameters from file 3DI
WARNING: Normalizing state frequencies so that sum of them equals to 1
Reading model parameters from file 3DI
WARNING: Normalizing state frequencies so that sum of them equals to 1
Reading model parameters from file 3DI
WARNING: Normalizing state frequencies so that sum of them equals to 1
Reading model parameters from file 3DI
WARNING: Normalizing state frequencies so that sum of them equals to 1
Reading model parameters from file 3DI
WARNING: Normalizing state frequencies so that sum of them equals to 1
Reading model parameters from file 3DI
WARNING: Normalizing state frequencies so that sum of them equals to 1
Reading model parameters from file 3DI
WARNING: Normalizing state frequencies so that sum of them equals to 1
800 samples done
Reading model parameters from file 3DI
WARNING: Normalizing state frequencies so that sum of them equals to 1
Reading model parameters from file 3DI
WARNING: Normalizing state frequencies so that sum of them equals to 1
Reading model parameters from file 3DI
WARNING: Normalizing state frequencies so that sum of them equals to 1
Reading model parameters from file 3DI
WARNING: Normalizing state frequencies so that sum of them equals to 1
Reading model parameters from file 3DI
WARNING: Normalizing state frequencies so that sum of them equals to 1
Reading model parameters from file 3DI
WARNING: Normalizing state frequencies so that sum of them equals to 1
Reading model parameters from file 3DI
WARNING: Normalizing state frequencies so that sum of them equals to 1
Reading model parameters from file 3DI
WARNING: Normalizing state frequencies so that sum of them equals to 1
Reading model parameters from file 3DI
WARNING: Normalizing state frequencies so that sum of them equals to 1
Reading model parameters from file 3DI
WARNING: Normalizing state frequencies so that sum of them equals to 1
Reading model parameters from file 3DI
WARNING: Normalizing state frequencies so that sum of them equals to 1
Reading model parameters from file 3DI
WARNING: Normalizing state frequencies so that sum of them equals to 1
Reading model parameters from file 3DI
WARNING: Normalizing state frequencies so that sum of them equals to 1
Reading model parameters from file 3DI
WARNING: Normalizing state frequencies so that sum of them equals to 1
Reading model parameters from file 3DI
WARNING: Normalizing state frequencies so that sum of them equals to 1
Reading model parameters from file 3DI
WARNING: Normalizing state frequencies so that sum of them equals to 1
Reading model parameters from file 3DI
WARNING: Normalizing state frequencies so that sum of them equals to 1
Reading model parameters from file 3DI
WARNING: Normalizing state frequencies so that sum of them equals to 1
Reading model parameters from file 3DI
WARNING: Normalizing state frequencies so that sum of them equals to 1
Reading model parameters from file 3DI
WARNING: Normalizing state frequencies so that sum of them equals to 1
Reading model parameters from file 3DI
WARNING: Normalizing state frequencies so that sum of them equals to 1
Reading model parameters from file 3DI
WARNING: Normalizing state frequencies so that sum of them equals to 1
Reading model parameters from file 3DI
WARNING: Normalizing state frequencies so that sum of them equals to 1
Reading model parameters from file 3DI
WARNING: Normalizing state frequencies so that sum of them equals to 1
Reading model parameters from file 3DI
WARNING: Normalizing state frequencies so that sum of them equals to 1
Reading model parameters from file 3DI
WARNING: Normalizing state frequencies so that sum of them equals to 1
Reading model parameters from file 3DI
WARNING: Normalizing state frequencies so that sum of them equals to 1
Reading model parameters from file 3DI
WARNING: Normalizing state frequencies so that sum of them equals to 1
Reading model parameters from file 3DI
WARNING: Normalizing state frequencies so that sum of them equals to 1
Reading model parameters from file 3DI
WARNING: Normalizing state frequencies so that sum of them equals to 1
Reading model parameters from file 3DI
WARNING: Normalizing state frequencies so that sum of them equals to 1
Reading model parameters from file 3DI
WARNING: Normalizing state frequencies so that sum of them equals to 1
Reading model parameters from file 3DI
WARNING: Normalizing state frequencies so that sum of them equals to 1
Reading model parameters from file 3DI
WARNING: Normalizing state frequencies so that sum of them equals to 1
Reading model parameters from file 3DI
WARNING: Normalizing state frequencies so that sum of them equals to 1
Reading model parameters from file 3DI
WARNING: Normalizing state frequencies so that sum of them equals to 1
Reading model parameters from file 3DI
WARNING: Normalizing state frequencies so that sum of them equals to 1
Reading model parameters from file 3DI
WARNING: Normalizing state frequencies so that sum of them equals to 1
Reading model parameters from file 3DI
WARNING: Normalizing state frequencies so that sum of them equals to 1
Reading model parameters from file 3DI
WARNING: Normalizing state frequencies so that sum of them equals to 1
Reading model parameters from file 3DI
WARNING: Normalizing state frequencies so that sum of them equals to 1
Reading model parameters from file 3DI
WARNING: Normalizing state frequencies so that sum of them equals to 1
Reading model parameters from file 3DI
WARNING: Normalizing state frequencies so that sum of them equals to 1
Reading model parameters from file 3DI
WARNING: Normalizing state frequencies so that sum of them equals to 1
Reading model parameters from file 3DI
WARNING: Normalizing state frequencies so that sum of them equals to 1
Reading model parameters from file 3DI
WARNING: Normalizing state frequencies so that sum of them equals to 1
Reading model parameters from file 3DI
WARNING: Normalizing state frequencies so that sum of them equals to 1
Reading model parameters from file 3DI
WARNING: Normalizing state frequencies so that sum of them equals to 1
Reading model parameters from file 3DI
WARNING: Normalizing state frequencies so that sum of them equals to 1
Reading model parameters from file 3DI
WARNING: Normalizing state frequencies so that sum of them equals to 1
Reading model parameters from file 3DI
WARNING: Normalizing state frequencies so that sum of them equals to 1
Reading model parameters from file 3DI
WARNING: Normalizing state frequencies so that sum of them equals to 1
Reading model parameters from file 3DI
WARNING: Normalizing state frequencies so that sum of them equals to 1
Reading model parameters from file 3DI
WARNING: Normalizing state frequencies so that sum of them equals to 1
Reading model parameters from file 3DI
WARNING: Normalizing state frequencies so that sum of them equals to 1
Reading model parameters from file 3DI
WARNING: Normalizing state frequencies so that sum of them equals to 1
Reading model parameters from file 3DI
WARNING: Normalizing state frequencies so that sum of them equals to 1
Reading model parameters from file 3DI
WARNING: Normalizing state frequencies so that sum of them equals to 1
Reading model parameters from file 3DI
WARNING: Normalizing state frequencies so that sum of them equals to 1
Reading model parameters from file 3DI
WARNING: Normalizing state frequencies so that sum of them equals to 1
Reading model parameters from file 3DI
WARNING: Normalizing state frequencies so that sum of them equals to 1
Reading model parameters from file 3DI
WARNING: Normalizing state frequencies so that sum of them equals to 1
Reading model parameters from file 3DI
WARNING: Normalizing state frequencies so that sum of them equals to 1
Reading model parameters from file 3DI
WARNING: Normalizing state frequencies so that sum of them equals to 1
Reading model parameters from file 3DI
WARNING: Normalizing state frequencies so that sum of them equals to 1
Reading model parameters from file 3DI
WARNING: Normalizing state frequencies so that sum of them equals to 1
Reading model parameters from file 3DI
WARNING: Normalizing state frequencies so that sum of them equals to 1
Reading model parameters from file 3DI
WARNING: Normalizing state frequencies so that sum of them equals to 1
Reading model parameters from file 3DI
WARNING: Normalizing state frequencies so that sum of them equals to 1
Reading model parameters from file 3DI
WARNING: Normalizing state frequencies so that sum of them equals to 1
Reading model parameters from file 3DI
WARNING: Normalizing state frequencies so that sum of them equals to 1
Reading model parameters from file 3DI
WARNING: Normalizing state frequencies so that sum of them equals to 1
Reading model parameters from file 3DI
WARNING: Normalizing state frequencies so that sum of them equals to 1
Reading model parameters from file 3DI
WARNING: Normalizing state frequencies so that sum of them equals to 1
Reading model parameters from file 3DI
WARNING: Normalizing state frequencies so that sum of them equals to 1
Reading model parameters from file 3DI
WARNING: Normalizing state frequencies so that sum of them equals to 1
Reading model parameters from file 3DI
WARNING: Normalizing state frequencies so that sum of them equals to 1
Reading model parameters from file 3DI
WARNING: Normalizing state frequencies so that sum of them equals to 1
Reading model parameters from file 3DI
WARNING: Normalizing state frequencies so that sum of them equals to 1
Reading model parameters from file 3DI
WARNING: Normalizing state frequencies so that sum of them equals to 1
Reading model parameters from file 3DI
WARNING: Normalizing state frequencies so that sum of them equals to 1
Reading model parameters from file 3DI
WARNING: Normalizing state frequencies so that sum of them equals to 1
Reading model parameters from file 3DI
WARNING: Normalizing state frequencies so that sum of them equals to 1
Reading model parameters from file 3DI
WARNING: Normalizing state frequencies so that sum of them equals to 1
Reading model parameters from file 3DI
WARNING: Normalizing state frequencies so that sum of them equals to 1
Reading model parameters from file 3DI
WARNING: Normalizing state frequencies so that sum of them equals to 1
Reading model parameters from file 3DI
WARNING: Normalizing state frequencies so that sum of them equals to 1
Reading model parameters from file 3DI
WARNING: Normalizing state frequencies so that sum of them equals to 1
Reading model parameters from file 3DI
WARNING: Normalizing state frequencies so that sum of them equals to 1
Reading model parameters from file 3DI
WARNING: Normalizing state frequencies so that sum of them equals to 1
Reading model parameters from file 3DI
WARNING: Normalizing state frequencies so that sum of them equals to 1
Reading model parameters from file 3DI
WARNING: Normalizing state frequencies so that sum of them equals to 1
Reading model parameters from file 3DI
WARNING: Normalizing state frequencies so that sum of them equals to 1
Reading model parameters from file 3DI
WARNING: Normalizing state frequencies so that sum of them equals to 1
Reading model parameters from file 3DI
WARNING: Normalizing state frequencies so that sum of them equals to 1
Reading model parameters from file 3DI
WARNING: Normalizing state frequencies so that sum of them equals to 1
Reading model parameters from file 3DI
WARNING: Normalizing state frequencies so that sum of them equals to 1
Reading model parameters from file 3DI
WARNING: Normalizing state frequencies so that sum of them equals to 1
Reading model parameters from file 3DI
WARNING: Normalizing state frequencies so that sum of them equals to 1
Reading model parameters from file 3DI
WARNING: Normalizing state frequencies so that sum of them equals to 1
900 samples done
Reading model parameters from file 3DI
WARNING: Normalizing state frequencies so that sum of them equals to 1
Reading model parameters from file 3DI
WARNING: Normalizing state frequencies so that sum of them equals to 1
Reading model parameters from file 3DI
WARNING: Normalizing state frequencies so that sum of them equals to 1
Reading model parameters from file 3DI
WARNING: Normalizing state frequencies so that sum of them equals to 1
Reading model parameters from file 3DI
WARNING: Normalizing state frequencies so that sum of them equals to 1
Reading model parameters from file 3DI
WARNING: Normalizing state frequencies so that sum of them equals to 1
Reading model parameters from file 3DI
WARNING: Normalizing state frequencies so that sum of them equals to 1
Reading model parameters from file 3DI
WARNING: Normalizing state frequencies so that sum of them equals to 1
Reading model parameters from file 3DI
WARNING: Normalizing state frequencies so that sum of them equals to 1
Reading model parameters from file 3DI
WARNING: Normalizing state frequencies so that sum of them equals to 1
Reading model parameters from file 3DI
WARNING: Normalizing state frequencies so that sum of them equals to 1
Reading model parameters from file 3DI
WARNING: Normalizing state frequencies so that sum of them equals to 1
Reading model parameters from file 3DI
WARNING: Normalizing state frequencies so that sum of them equals to 1
Reading model parameters from file 3DI
WARNING: Normalizing state frequencies so that sum of them equals to 1
Reading model parameters from file 3DI
WARNING: Normalizing state frequencies so that sum of them equals to 1
Reading model parameters from file 3DI
WARNING: Normalizing state frequencies so that sum of them equals to 1
Reading model parameters from file 3DI
WARNING: Normalizing state frequencies so that sum of them equals to 1
Reading model parameters from file 3DI
WARNING: Normalizing state frequencies so that sum of them equals to 1
Reading model parameters from file 3DI
WARNING: Normalizing state frequencies so that sum of them equals to 1
Reading model parameters from file 3DI
WARNING: Normalizing state frequencies so that sum of them equals to 1
Reading model parameters from file 3DI
WARNING: Normalizing state frequencies so that sum of them equals to 1
Reading model parameters from file 3DI
WARNING: Normalizing state frequencies so that sum of them equals to 1
Reading model parameters from file 3DI
WARNING: Normalizing state frequencies so that sum of them equals to 1
Reading model parameters from file 3DI
WARNING: Normalizing state frequencies so that sum of them equals to 1
Reading model parameters from file 3DI
WARNING: Normalizing state frequencies so that sum of them equals to 1
Reading model parameters from file 3DI
WARNING: Normalizing state frequencies so that sum of them equals to 1
Reading model parameters from file 3DI
WARNING: Normalizing state frequencies so that sum of them equals to 1
Reading model parameters from file 3DI
WARNING: Normalizing state frequencies so that sum of them equals to 1
Reading model parameters from file 3DI
WARNING: Normalizing state frequencies so that sum of them equals to 1
Reading model parameters from file 3DI
WARNING: Normalizing state frequencies so that sum of them equals to 1
Reading model parameters from file 3DI
WARNING: Normalizing state frequencies so that sum of them equals to 1
Reading model parameters from file 3DI
WARNING: Normalizing state frequencies so that sum of them equals to 1
Reading model parameters from file 3DI
WARNING: Normalizing state frequencies so that sum of them equals to 1
Reading model parameters from file 3DI
WARNING: Normalizing state frequencies so that sum of them equals to 1
Reading model parameters from file 3DI
WARNING: Normalizing state frequencies so that sum of them equals to 1
Reading model parameters from file 3DI
WARNING: Normalizing state frequencies so that sum of them equals to 1
Reading model parameters from file 3DI
WARNING: Normalizing state frequencies so that sum of them equals to 1
Reading model parameters from file 3DI
WARNING: Normalizing state frequencies so that sum of them equals to 1
Reading model parameters from file 3DI
WARNING: Normalizing state frequencies so that sum of them equals to 1
Reading model parameters from file 3DI
WARNING: Normalizing state frequencies so that sum of them equals to 1
Reading model parameters from file 3DI
WARNING: Normalizing state frequencies so that sum of them equals to 1
Reading model parameters from file 3DI
WARNING: Normalizing state frequencies so that sum of them equals to 1
Reading model parameters from file 3DI
WARNING: Normalizing state frequencies so that sum of them equals to 1
Reading model parameters from file 3DI
WARNING: Normalizing state frequencies so that sum of them equals to 1
Reading model parameters from file 3DI
WARNING: Normalizing state frequencies so that sum of them equals to 1
Reading model parameters from file 3DI
WARNING: Normalizing state frequencies so that sum of them equals to 1
Reading model parameters from file 3DI
WARNING: Normalizing state frequencies so that sum of them equals to 1
Reading model parameters from file 3DI
WARNING: Normalizing state frequencies so that sum of them equals to 1
Reading model parameters from file 3DI
WARNING: Normalizing state frequencies so that sum of them equals to 1
Reading model parameters from file 3DI
WARNING: Normalizing state frequencies so that sum of them equals to 1
Reading model parameters from file 3DI
WARNING: Normalizing state frequencies so that sum of them equals to 1
Reading model parameters from file 3DI
WARNING: Normalizing state frequencies so that sum of them equals to 1
Reading model parameters from file 3DI
WARNING: Normalizing state frequencies so that sum of them equals to 1
Reading model parameters from file 3DI
WARNING: Normalizing state frequencies so that sum of them equals to 1
Reading model parameters from file 3DI
WARNING: Normalizing state frequencies so that sum of them equals to 1
Reading model parameters from file 3DI
WARNING: Normalizing state frequencies so that sum of them equals to 1
Reading model parameters from file 3DI
WARNING: Normalizing state frequencies so that sum of them equals to 1
Reading model parameters from file 3DI
WARNING: Normalizing state frequencies so that sum of them equals to 1
Reading model parameters from file 3DI
WARNING: Normalizing state frequencies so that sum of them equals to 1
Reading model parameters from file 3DI
WARNING: Normalizing state frequencies so that sum of them equals to 1
Reading model parameters from file 3DI
WARNING: Normalizing state frequencies so that sum of them equals to 1
Reading model parameters from file 3DI
WARNING: Normalizing state frequencies so that sum of them equals to 1
Reading model parameters from file 3DI
WARNING: Normalizing state frequencies so that sum of them equals to 1
Reading model parameters from file 3DI
WARNING: Normalizing state frequencies so that sum of them equals to 1
Reading model parameters from file 3DI
WARNING: Normalizing state frequencies so that sum of them equals to 1
Reading model parameters from file 3DI
WARNING: Normalizing state frequencies so that sum of them equals to 1
Reading model parameters from file 3DI
WARNING: Normalizing state frequencies so that sum of them equals to 1
Reading model parameters from file 3DI
WARNING: Normalizing state frequencies so that sum of them equals to 1
Reading model parameters from file 3DI
WARNING: Normalizing state frequencies so that sum of them equals to 1
Reading model parameters from file 3DI
WARNING: Normalizing state frequencies so that sum of them equals to 1
Reading model parameters from file 3DI
WARNING: Normalizing state frequencies so that sum of them equals to 1
Reading model parameters from file 3DI
WARNING: Normalizing state frequencies so that sum of them equals to 1
Reading model parameters from file 3DI
WARNING: Normalizing state frequencies so that sum of them equals to 1
Reading model parameters from file 3DI
WARNING: Normalizing state frequencies so that sum of them equals to 1
Reading model parameters from file 3DI
WARNING: Normalizing state frequencies so that sum of them equals to 1
Reading model parameters from file 3DI
WARNING: Normalizing state frequencies so that sum of them equals to 1
Reading model parameters from file 3DI
WARNING: Normalizing state frequencies so that sum of them equals to 1
Reading model parameters from file 3DI
WARNING: Normalizing state frequencies so that sum of them equals to 1
Reading model parameters from file 3DI
WARNING: Normalizing state frequencies so that sum of them equals to 1
Reading model parameters from file 3DI
WARNING: Normalizing state frequencies so that sum of them equals to 1
Reading model parameters from file 3DI
WARNING: Normalizing state frequencies so that sum of them equals to 1
Reading model parameters from file 3DI
WARNING: Normalizing state frequencies so that sum of them equals to 1
Reading model parameters from file 3DI
WARNING: Normalizing state frequencies so that sum of them equals to 1
Reading model parameters from file 3DI
WARNING: Normalizing state frequencies so that sum of them equals to 1
Reading model parameters from file 3DI
WARNING: Normalizing state frequencies so that sum of them equals to 1
Reading model parameters from file 3DI
WARNING: Normalizing state frequencies so that sum of them equals to 1
Reading model parameters from file 3DI
WARNING: Normalizing state frequencies so that sum of them equals to 1
Reading model parameters from file 3DI
WARNING: Normalizing state frequencies so that sum of them equals to 1
Reading model parameters from file 3DI
WARNING: Normalizing state frequencies so that sum of them equals to 1
Reading model parameters from file 3DI
WARNING: Normalizing state frequencies so that sum of them equals to 1
Reading model parameters from file 3DI
WARNING: Normalizing state frequencies so that sum of them equals to 1
Reading model parameters from file 3DI
WARNING: Normalizing state frequencies so that sum of them equals to 1
Reading model parameters from file 3DI
WARNING: Normalizing state frequencies so that sum of them equals to 1
Reading model parameters from file 3DI
WARNING: Normalizing state frequencies so that sum of them equals to 1
Reading model parameters from file 3DI
WARNING: Normalizing state frequencies so that sum of them equals to 1
Reading model parameters from file 3DI
WARNING: Normalizing state frequencies so that sum of them equals to 1
Reading model parameters from file 3DI
WARNING: Normalizing state frequencies so that sum of them equals to 1
Reading model parameters from file 3DI
WARNING: Normalizing state frequencies so that sum of them equals to 1
Reading model parameters from file 3DI
WARNING: Normalizing state frequencies so that sum of them equals to 1
Reading model parameters from file 3DI
WARNING: Normalizing state frequencies so that sum of them equals to 1
1000 samples done
Total 1000 ufboot trees refined
TREE SEARCH COMPLETED AFTER 820 ITERATIONS / Time: 2h:49m:23s

--------------------------------------------------------------------
|                    FINALIZING TREE SEARCH                        |
--------------------------------------------------------------------
Performs final model parameters optimization
Estimate model parameters (epsilon = 0.010)
1. Initial log-likelihood: -43117.137
2. Current log-likelihood: -43117.119
3. Current log-likelihood: -43117.100
4. Current log-likelihood: -43117.068
5. Current log-likelihood: -43117.040
6. Current log-likelihood: -43117.021
7. Current log-likelihood: -43116.991
8. Current log-likelihood: -43116.972
9. Current log-likelihood: -43116.942
10. Current log-likelihood: -43116.924
11. Current log-likelihood: -43116.894
12. Current log-likelihood: -43116.877
13. Current log-likelihood: -43116.848
14. Current log-likelihood: -43116.831
15. Current log-likelihood: -43116.803
16. Current log-likelihood: -43116.786
17. Current log-likelihood: -43116.759
18. Current log-likelihood: -43116.744
19. Current log-likelihood: -43116.727
20. Current log-likelihood: -43116.701
21. Current log-likelihood: -43116.685
22. Current log-likelihood: -43116.658
23. Current log-likelihood: -43116.643
24. Current log-likelihood: -43116.616
25. Current log-likelihood: -43116.602
26. Current log-likelihood: -43116.587
27. Current log-likelihood: -43116.572
28. Current log-likelihood: -43116.556
29. Current log-likelihood: -43116.542
30. Current log-likelihood: -43116.527
31. Current log-likelihood: -43116.502
32. Current log-likelihood: -43116.489
33. Current log-likelihood: -43116.476
34. Current log-likelihood: -43116.462
35. Current log-likelihood: -43116.448
36. Current log-likelihood: -43116.434
37. Current log-likelihood: -43116.420
38. Current log-likelihood: -43116.406
39. Current log-likelihood: -43116.391
40. Current log-likelihood: -43116.379
41. Current log-likelihood: -43116.366
42. Current log-likelihood: -43116.352
43. Current log-likelihood: -43116.338
44. Current log-likelihood: -43116.325
45. Current log-likelihood: -43116.313
46. Current log-likelihood: -43116.300
47. Current log-likelihood: -43116.287
48. Current log-likelihood: -43116.273
49. Current log-likelihood: -43116.260
50. Current log-likelihood: -43116.247
51. Current log-likelihood: -43116.234
52. Current log-likelihood: -43116.222
53. Current log-likelihood: -43116.212
54. Current log-likelihood: -43116.200
55. Current log-likelihood: -43116.187
56. Current log-likelihood: -43116.176
57. Current log-likelihood: -43116.166
Optimal log-likelihood: -43116.152
Site proportion and rates:  (0.134,0.038) (0.216,0.258) (0.222,0.613) (0.224,1.259) (0.156,2.236) (0.047,3.654)
Parameters optimization took 57 rounds (74.981 sec)
BEST SCORE FOUND : -43116.152

Testing tree branches by SH-like aLRT with 1000 replicates...
0.960 sec.
Creating bootstrap support values...
Split supports printed to NEXUS file seqs.fasta.splits.nex
Total tree length: 32.198

Total number of iterations: 820
CPU time used for tree search: 12942.532 sec (3h:35m:42s)
Wall-clock time used for tree search: 4822.727 sec (1h:20m:22s)
Total CPU time used: 28438.855 sec (7h:53m:58s)
Total wall-clock time used: 10239.458 sec (2h:50m:39s)
UFBoot trees printed to seqs.fasta.ufboot

Computing bootstrap consensus tree...
Reading input file seqs.fasta.splits.nex...
268 taxa and 5555 splits.
Consensus tree written to seqs.fasta.contree
Reading input trees file seqs.fasta.contree
Log-likelihood of consensus tree: -43120.942

Analysis results written to: 
  IQ-TREE report:                seqs.fasta.iqtree
  Maximum-likelihood tree:       seqs.fasta.treefile
  Likelihood distances:          seqs.fasta.mldist

Ultrafast bootstrap approximation results written to:
  Split support values:          seqs.fasta.splits.nex
  Consensus tree:                seqs.fasta.contree
  UFBoot trees:                  seqs.fasta.ufboot
  Screen log file:               seqs.fasta.log

Date and Time: Sat Nov 15 13:31:06 2025
